quality_score,wine_type,alcohol,citric_acid,density,ph,residual_sugar,total_sulfur_dioxide,fixed_acidity
7.06,white,12.9,0.26,0.9908,3.08,9.7,102.0,6.2
4.27,white,9.5,0.09,0.99566,2.93,10.9,131.0,6.6
6.35,white,9.6,0.23,0.9945,3.34,6.2,117.0,6.7
7.08,white,13.4,0.24,0.98934,3.04,6.1,86.0,6.2
5.75,white,9.5,0.24,0.9942,2.99,3.6,85.0,6.9
7.89,white,11.9,0.28,0.99224,3.36,4.5,92.0,6.7
6.86,white,12.1,0.04,0.9894,3.36,1.4,119.0,5.2
5.47,white,9.2,0.2,0.99314,3.18,2.4,112.0,6.4
7.73,red,11.7,0.0,0.9944,3.48,1.6,11.0,5.9
6.26,white,9.4,0.44,0.99584,3.2,8.2,183.0,6.8
7.6,red,9.4,0.42,0.9974,3.21,2.0,27.0,8.3
8.11,white,11.1,0.29,0.9916,3.54,1.1,152.0,6.0
7.65,red,11.4,0.0,0.99533,3.48,2.1,35.0,7.6
6.81,white,10.5,0.4,0.99398,3.16,5.7,152.0,6.0
6.35,white,9.5,0.33,0.9927,3.15,1.1,169.0,6.1
5.44,white,9.0,0.38,0.9979,3.09,14.3,194.0,7.2
8.11,red,10.2,0.46,0.9974,3.04,1.8,13.0,10.1
5.72,white,9.5,0.25,0.99663,3.14,11.2,136.0,7.1
5.64,white,9.6,0.26,0.99514,3.14,7.9,180.0,6.4
8.28,red,9.7,0.49,0.9987,3.35,2.6,75.0,9.0
6.86,white,9.5,0.34,0.994,3.3,1.6,132.0,6.3
6.06,red,9.2,0.1,0.996,3.28,1.4,63.0,7.0
6.96,white,10.7,0.16,0.9917,3.48,1.5,97.0,5.0
9.31,red,11.0,0.49,0.9977,3.18,1.8,20.0,10.4
7.08,red,9.9,0.15,0.99609,3.29,2.0,28.0,7.2
7.49,white,10.8,0.37,0.99216,3.18,1.5,104.0,7.0
8.23,red,11.5,0.24,0.9934,3.74,1.6,96.0,5.0
7.13,white,12.2,0.26,0.9925,3.27,7.7,103.0,5.2
8.45,red,9.4,0.45,0.9991,3.39,2.3,40.0,9.9
7.72,white,12.0,0.26,0.99078,3.34,2.8,132.0,7.0
6.64,white,11.2,0.24,0.99174,3.23,4.8,138.0,6.2
6.5,red,10.0,0.08,0.9968,3.21,2.7,48.0,7.6
5.83,white,9.5,0.37,0.99776,3.02,10.0,210.0,7.7
7.51,white,10.3,0.36,0.9924,3.23,1.6,87.0,6.8
6.63,red,10.2,0.15,0.9955,3.17,2.8,73.0,7.6
6.01,white,9.2,0.49,0.9984,3.01,11.3,221.0,7.6
7.18,red,9.3,0.23,0.99774,3.22,1.9,18.0,10.1
7.83,red,10.1,0.43,0.9985,3.06,2.8,84.0,10.6
6.82,red,9.3,0.48,0.9975,3.04,2.1,145.0,8.8
7.96,white,12.5,0.21,0.99027,3.42,1.6,85.0,5.5
8.85,red,9.7,0.4,1.0006,3.48,2.9,26.0,10.0
9.24,white,11.9,0.51,0.9903,3.46,1.2,102.0,6.0
7.08,white,13.0,0.26,0.99031,3.06,8.15,88.0,6.1
7.34,red,9.2,0.26,0.9981,3.43,1.9,53.0,7.8
6.52,white,9.5,0.22,0.9944,3.28,1.4,130.0,7.8
6.26,white,9.3,0.36,0.9984,3.44,11.0,247.0,6.5
8.57,red,12.0,0.29,0.99536,3.22,3.1,26.0,8.4
6.87,white,9.7,0.5,0.99212,3.1,1.0,178.0,5.8
5.27,white,9.3,0.21,0.99657,3.03,10.7,91.0,7.0
6.68,white,10.5,0.31,0.99092,3.06,1.5,121.0,6.5
7.06,red,9.4,0.35,0.9963,3.28,2.0,92.0,7.1
4.66,white,9.0,0.32,0.99666,2.88,12.5,156.0,6.7
6.9,white,10.6,0.28,1.00295,3.06,26.05,122.0,6.8
8.51,white,12.5,0.32,0.9898,3.36,1.1,110.0,6.1
6.53,red,9.6,0.01,0.99668,3.39,1.9,32.0,7.9
6.56,red,9.6,0.07,0.9961,3.3,1.8,23.0,7.4
6.05,white,9.1,0.45,0.99576,3.2,7.8,188.0,6.5
8.11,white,12.0,0.32,0.9918,3.19,1.4,126.0,7.1
5.86,white,9.5,0.25,0.99663,3.14,11.2,136.0,7.1
6.95,white,12.3,0.32,0.99146,3.0,8.7,105.0,6.8
6.56,red,9.5,0.24,0.99788,3.21,2.6,139.0,9.2
8.09,red,9.4,0.59,0.9986,3.04,2.2,18.0,10.6
6.01,white,10.8,0.22,0.99338,3.05,9.5,111.0,6.3
7.22,white,10.1,0.49,0.9939,3.05,1.7,167.0,8.3
7.16,white,11.0,0.34,0.99299,3.22,5.6,140.0,6.6
7.17,red,10.2,0.09,0.99669,3.46,2.9,22.0,6.7
6.67,red,9.8,0.05,0.9966,3.39,2.0,54.0,7.0
6.49,white,12.1,0.23,0.98871,2.96,1.5,121.0,5.8
8.11,white,12.4,0.39,0.9925,3.3,5.2,163.0,7.3
8.38,white,12.2,0.37,0.992,3.38,6.2,97.0,6.9
6.86,red,9.7,0.21,0.9964,3.28,2.2,28.0,7.6
6.86,red,9.9,0.26,0.99622,3.21,2.0,131.0,7.8
6.85,white,9.7,0.62,1.0002,2.98,19.25,172.0,8.3
5.76,white,10.0,0.22,0.99383,3.09,5.6,147.0,6.3
5.85,white,9.5,0.18,0.9935,3.11,1.4,137.0,6.8
7.86,white,11.8,0.32,0.9898,3.42,1.2,98.0,4.8
7.28,white,11.0,0.32,0.99096,3.22,1.1,184.0,6.2
8.6,red,10.6,0.38,0.99676,3.26,1.5,47.0,9.9
6.75,red,10.0,0.0,0.99608,3.39,2.0,11.0,7.2
5.88,white,9.6,0.25,0.99767,3.19,15.0,120.0,6.2
7.76,white,12.3,0.33,0.9898,3.09,1.6,98.0,6.9
6.64,white,13.2,0.25,0.98963,2.82,5.7,73.0,7.0
6.48,red,9.7,0.01,0.99683,3.4,1.9,54.0,6.9
6.37,red,9.1,0.27,0.99747,3.13,2.0,77.0,8.2
7.65,red,10.4,0.2,0.9956,3.37,1.9,54.0,7.1
8.18,red,9.8,0.49,0.9976,3.14,2.2,40.0,10.6
8.3,white,12.1,0.28,0.9899,3.36,1.1,78.0,6.2
5.26,white,9.0,0.46,0.99786,2.86,11.8,183.0,7.7
5.3,red,9.7,0.02,0.99524,3.1,2.2,111.0,6.7
7.5,red,10.0,0.27,0.9962,3.26,2.1,23.0,8.2
7.15,red,9.2,0.49,0.9982,3.08,2.9,110.0,9.0
7.85,white,10.8,0.33,0.9925,3.32,1.8,96.0,6.7
6.15,white,10.7,0.27,0.9928,3.05,4.5,157.0,6.3
6.64,red,9.5,0.2,0.998,3.23,3.0,115.0,9.2
7.58,white,12.6,0.3,0.99126,3.18,6.6,138.0,7.1
7.3,white,11.3,0.34,0.9916,2.93,1.2,93.0,9.2
6.55,white,10.4,0.28,0.9954,3.25,8.6,221.0,7.0
8.94,red,11.0,0.47,0.9978,3.15,2.1,24.0,10.5
6.69,white,10.5,0.25,0.994,3.31,9.7,68.0,5.6
7.65,white,11.3,0.29,0.99159,3.31,2.8,107.0,6.7
5.49,white,9.5,0.2,0.99459,3.24,5.3,181.0,6.4
6.39,white,9.0,0.33,0.9954,3.16,1.7,178.0,9.3
7.04,white,10.0,0.45,0.997,3.15,11.2,137.0,7.6
9.76,white,12.4,0.74,0.9928,3.28,3.6,128.0,8.5
6.68,white,10.7,0.14,0.9959,3.22,10.7,95.0,7.5
6.41,white,9.5,0.4,0.99573,3.18,6.3,172.0,7.2
7.15,white,11.2,0.27,0.99212,3.16,4.3,123.0,8.1
6.75,red,9.4,0.24,0.9974,3.09,2.4,33.0,9.9
6.58,white,9.6,0.38,0.9958,3.35,7.4,182.0,7.1
5.88,white,8.9,0.39,0.99851,3.26,11.9,221.0,6.6
8.58,red,10.5,0.47,0.99772,3.15,2.5,20.0,9.4
6.57,red,9.2,0.22,0.9967,3.29,2.1,65.0,8.1
6.61,white,11.3,0.3,0.99189,3.04,3.85,179.0,6.7
9.71,red,11.3,0.52,0.9976,3.35,2.3,23.0,9.2
6.54,white,10.7,0.27,0.99388,3.2,10.3,108.0,6.2
4.96,white,8.8,0.23,0.99906,3.08,17.3,118.0,6.6
6.72,white,9.2,0.58,0.9999,3.15,16.75,163.0,7.6
6.02,white,9.6,0.3,0.9954,3.29,6.6,200.0,6.2
7.25,white,12.1,0.33,0.99258,3.1,9.9,90.0,6.0
6.92,red,10.5,0.08,0.9949,3.45,2.0,44.0,6.2
6.55,white,9.4,0.48,0.99582,3.21,6.2,182.0,6.8
9.22,red,10.8,0.46,0.9976,3.25,1.8,21.0,10.4
7.52,red,9.6,0.45,0.9972,3.13,3.3,49.0,10.8
8.35,red,11.0,0.39,0.99495,3.18,1.8,55.0,9.1
6.02,white,8.9,0.67,0.9966,2.9,8.1,166.0,7.5
6.18,white,9.5,0.36,0.99427,3.09,4.5,102.0,7.6
8.71,white,12.2,0.47,0.99,3.26,1.4,81.0,6.2
8.06,red,11.5,0.14,0.99396,3.48,1.9,34.0,6.2
8.43,red,10.2,0.34,0.99769,3.44,2.0,67.0,9.1
8.58,red,11.9,0.3,0.99346,3.33,2.0,39.0,7.0
6.68,red,9.3,0.0,1.0002,3.5,2.5,58.0,8.2
6.52,white,11.1,0.32,0.99163,2.96,5.6,68.0,6.6
7.97,white,11.4,0.49,0.9914,3.11,1.6,94.0,6.7
8.31,red,11.3,0.35,0.99394,3.14,1.7,27.0,8.8
5.84,white,9.2,0.24,0.9933,3.13,1.2,121.0,6.6
7.76,white,9.9,0.33,0.9937,3.37,1.1,63.0,7.2
6.78,white,9.2,0.58,0.9999,3.15,16.75,163.0,7.6
6.56,white,11.0,0.22,0.99404,3.24,7.4,172.0,6.4
5.96,white,9.5,0.37,0.99523,3.19,7.1,201.0,6.2
7.51,red,9.3,0.41,0.9984,3.08,2.2,17.0,10.8
6.66,red,9.7,0.03,0.99743,3.53,2.3,86.0,7.2
6.58,white,10.4,0.21,0.9986,3.35,16.3,182.0,6.6
5.88,white,9.9,0.25,0.99606,3.17,10.7,179.0,6.4
7.48,red,9.5,0.3,0.99685,3.42,1.8,70.0,7.2
7.11,white,11.8,0.3,0.993,2.94,8.1,71.0,9.0
7.82,white,12.4,0.33,0.99066,2.98,1.3,100.0,8.1
8.25,white,11.6,0.35,0.99119,3.31,1.4,109.0,7.0
5.93,white,8.8,0.64,0.998,3.0,12.9,170.0,7.6
6.99,red,9.95,0.02,0.996,3.55,1.8,12.0,6.7
5.34,white,9.3,0.14,0.9937,3.05,1.5,168.0,7.6
6.2,red,9.4,0.18,0.99738,3.14,2.9,74.0,8.8
8.26,white,12.9,0.28,0.9898,3.43,2.2,126.0,6.0
7.52,white,10.4,0.36,0.9921,3.08,1.2,78.0,8.0
6.06,white,10.1,0.1,0.9924,3.24,1.6,128.0,5.9
9.29,red,10.7,0.49,1.0002,3.3,3.4,80.0,11.8
7.67,white,11.0,0.3,0.99615,3.46,8.5,152.0,6.7
4.75,white,8.8,0.27,0.99807,2.94,13.9,155.0,7.3
6.96,white,9.7,0.32,0.9938,3.5,2.4,200.0,6.4
7.53,white,12.7,0.37,0.99036,3.08,4.8,114.0,7.1
7.93,red,9.6,0.37,0.9974,3.26,1.4,23.0,8.3
8.51,white,10.9,0.47,0.9938,3.21,1.1,126.0,8.1
10.0,red,13.0,0.76,1.0004,3.22,4.2,38.0,12.0
5.9,red,9.4,0.0,0.99676,3.31,2.0,45.0,7.0
5.92,white,8.6,0.62,0.9976,3.08,10.8,189.0,7.2
7.33,white,11.2,0.32,0.9906,3.13,1.2,138.0,7.0
6.63,red,9.4,0.23,0.9973,3.19,2.0,81.0,8.2
9.95,red,12.8,0.46,0.9973,3.35,3.6,37.0,7.9
6.99,white,10.6,0.34,0.9927,3.21,4.7,134.0,6.8
7.44,white,11.0,0.24,0.9923,3.35,1.9,144.0,7.0
9.13,red,12.9,0.38,0.99356,3.34,2.8,42.0,7.2
5.31,white,8.9,0.3,0.999,3.14,14.2,212.5,7.6
7.92,red,10.5,0.16,0.9962,3.42,1.8,16.0,8.0
7.77,red,10.1,0.32,0.9979,3.29,2.5,91.0,9.7
7.46,white,10.5,0.48,0.99184,2.9,1.1,58.0,8.5
7.46,white,10.0,0.42,0.99517,3.09,2.0,104.0,9.2
6.01,red,9.566666667,0.19,0.99713,3.16,5.2,98.0,7.4
6.44,white,10.7,0.35,0.99546,3.0,13.5,118.0,6.9
7.12,red,9.3,0.26,0.9976,3.27,2.5,31.0,8.7
6.27,white,9.7,0.34,0.9962,3.1,7.1,150.0,8.9
5.98,white,8.8,0.36,0.99924,3.26,16.3,133.0,6.5
8.33,white,12.0,0.37,0.99076,3.39,3.2,80.0,6.15
7.28,white,11.1,0.37,0.9948,3.05,9.1,76.0,6.9
7.26,white,11.0,0.36,0.9975,3.2,20.8,139.0,6.9
8.0,white,9.9,0.35,0.9938,3.46,1.2,73.0,7.2
5.77,red,9.0,0.09,0.9962,3.3,1.7,89.0,7.3
5.39,white,9.2,0.25,0.9976,3.1,11.9,148.0,7.4
6.85,white,10.5,0.22,0.998275,3.39,14.7,183.0,6.4
8.65,red,10.7,0.34,0.9987,3.29,3.6,14.0,9.4
6.25,white,9.4,0.26,0.9934,3.15,1.9,86.0,7.1
4.85,white,9.0,0.19,0.99865,3.12,13.7,197.0,7.2
6.43,white,9.4,0.36,0.99922,3.25,15.7,183.0,7.2
6.62,white,10.3,0.38,0.99517,3.06,10.5,139.0,6.9
7.79,red,10.1,0.24,0.99576,3.44,2.0,52.0,7.2
7.28,red,9.5,0.42,0.9959,3.23,1.9,86.0,7.7
9.29,red,11.6,0.31,1.0002,3.48,3.0,81.0,8.7
6.49,white,12.4,0.02,0.99248,3.75,11.1,114.0,3.8
4.0,white,8.4,0.12,0.99536,3.06,5.9,91.0,6.4
7.42,white,12.5,0.27,0.99058,3.12,4.7,80.0,6.9
8.03,white,12.5,0.41,0.991,3.02,1.7,140.0,7.8
6.39,white,10.4,0.28,0.9954,3.25,8.6,221.0,7.0
5.65,white,9.7,0.23,0.99705,3.14,14.9,142.0,6.3
8.28,red,10.9,0.34,0.9974,3.22,5.1,22.0,8.2
6.59,red,9.4,0.24,0.9976,3.27,3.4,112.0,8.3
5.86,white,8.9,0.5,0.9974,3.04,12.1,127.0,6.7
6.09,red,9.2,0.0,0.9972,3.46,1.9,18.0,6.5
7.34,white,12.7,0.19,0.9904,3.22,3.2,124.0,6.4
8.12,red,9.5,0.52,0.998,3.18,2.0,26.0,9.5
6.86,white,12.3,0.3,0.99139,2.99,8.3,113.0,6.9
7.3,white,10.9,0.36,0.9959,3.16,10.7,90.0,7.1
5.85,white,8.8,0.36,0.99946,3.23,17.2,130.0,6.2
7.72,white,11.2,0.42,0.99066,3.13,1.1,146.0,6.3
6.6,red,9.5,0.02,0.997,3.46,1.8,11.0,6.4
6.42,red,9.3,0.14,0.99592,3.27,1.6,18.0,7.1
7.08,white,10.2,0.32,0.99375,3.2,1.7,128.0,7.0
8.7,white,11.6,0.48,0.9914,3.19,1.1,132.0,7.4
8.85,red,10.6,0.47,0.99686,3.15,1.7,32.0,11.7
7.2,red,10.8,0.0,0.99551,3.56,2.3,12.0,6.4
7.54,red,9.1,0.29,0.9988,3.36,2.2,15.0,8.8
6.64,white,9.1,0.46,0.9941,2.95,1.0,72.0,8.6
6.24,white,9.8,0.34,0.9965,3.08,9.7,143.0,7.6
5.37,white,8.9,0.3,0.999,3.14,14.2,212.5,7.6
8.57,white,10.8,0.74,0.9916,3.07,1.6,103.0,7.6
5.41,white,8.9,0.3,0.999,3.14,14.2,212.5,7.6
8.02,white,9.9,0.48,0.9958,3.17,1.4,99.0,8.2
6.42,white,12.2,0.05,0.99269,3.26,8.0,164.0,7.0
9.41,red,12.3,0.27,0.99471,3.78,2.0,55.0,5.4
7.65,white,12.0,0.44,0.99452,3.04,12.4,154.0,8.2
5.93,white,10.93333333,0.21,0.99334,2.99,9.65,119.0,6.4
7.93,red,10.5,0.42,0.9973,3.42,5.5,128.0,7.1
5.33,white,9.8,0.14,0.9944,3.17,6.3,185.0,5.9
7.43,white,10.6,0.28,0.99246,3.28,1.4,109.0,7.2
7.75,red,10.0,0.33,0.996,3.23,1.7,13.0,7.2
8.93,red,12.9,0.32,0.99418,3.34,2.1,70.0,7.3
7.05,red,10.2,0.1,0.9959,3.42,2.3,30.0,6.9
7.18,white,10.1,0.49,0.9948,3.27,7.5,151.0,6.4
8.12,white,12.7,0.33,0.98945,3.37,2.1,138.0,5.9
7.93,red,9.8,0.38,0.9962,3.26,1.5,29.0,8.2
7.18,red,10.0,0.19,0.99522,3.39,2.0,47.0,6.0
5.54,white,9.3,0.24,0.99922,3.19,19.95,174.0,6.1
7.19,red,9.9,0.11,0.9979,3.4,2.3,31.0,8.6
6.24,red,10.55,0.06,0.99236,3.3,1.8,89.0,6.0
5.83,white,9.0,0.3,0.99954,3.3,16.0,201.0,7.1
8.15,white,11.0,0.45,0.9917,3.13,1.5,96.0,7.9
6.79,red,10.3,0.0,0.99629,3.45,3.0,31.0,6.6
7.06,red,9.5,0.21,0.9961,3.33,2.0,35.0,7.3
7.23,red,11.3,0.01,0.99586,3.51,3.7,54.0,6.3
7.3,red,10.9,0.0,0.99467,3.5,1.6,17.0,6.5
5.74,red,9.2,0.21,0.9955,3.12,2.3,68.0,7.6
7.12,red,10.4,0.09,0.99724,3.41,2.3,64.0,6.4
7.72,red,10.9,0.06,0.99592,3.53,2.0,11.0,6.8
5.32,white,9.8,0.21,0.998,3.02,16.2,197.0,8.5
6.51,white,9.6,0.34,0.9966,3.21,9.3,126.0,7.6
4.51,white,8.7,0.27,0.9984,2.9,15.5,135.0,7.4
9.18,red,11.4,0.44,0.9956,3.3,1.9,15.0,8.0
7.39,red,10.0,0.24,0.998,3.12,2.7,44.0,9.5
6.27,red,9.8,0.0,0.99656,3.25,2.2,31.0,8.1
6.75,white,11.5,0.27,0.99335,3.04,10.4,114.0,7.1
8.58,red,11.7,0.24,0.9946,3.57,2.2,42.0,6.2
5.35,white,9.1,0.31,0.99884,3.05,13.1,180.0,7.5
9.92,red,12.0,0.73,0.999,3.17,6.55,76.0,10.4
6.45,white,11.0,0.04,0.99036,3.14,0.8,50.0,6.0
6.87,red,9.0,0.37,1.00369,3.18,15.4,95.0,10.2
7.91,white,11.0,0.32,0.99185,3.37,2.0,90.0,6.5
7.37,white,11.9,0.4,0.992,3.03,6.85,138.0,7.3
6.83,white,10.0,0.19,0.99438,3.67,5.0,101.0,5.0
5.73,white,10.3,0.14,0.9937,3.3,5.0,198.0,5.6
7.22,white,11.0,0.34,0.9976,3.07,19.8,67.0,7.0
9.44,white,12.2,0.74,0.9924,3.25,4.45,130.0,8.3
4.83,white,9.0,0.22,0.9959,3.1,7.7,210.0,6.8
6.56,red,10.0,0.0,0.99593,3.25,1.4,14.0,8.3
5.0,white,8.8,0.23,0.99906,3.08,17.3,118.0,6.6
5.75,white,9.2,0.39,0.9934,3.09,3.3,140.0,5.9
8.74,red,12.8,0.28,0.99374,3.41,2.1,49.0,6.3
6.84,white,10.2,0.34,0.9921,3.19,1.6,104.0,6.0
7.98,white,12.25,0.32,0.99044,3.11,1.3,93.0,6.6
9.12,red,10.9,0.39,0.99652,3.47,1.5,55.0,9.3
8.47,red,11.4,0.3,0.99419,3.24,1.8,24.0,7.4
7.85,white,11.3,0.31,0.99035,3.24,1.0,73.0,6.2
9.43,red,12.4,0.37,0.99439,3.52,2.5,41.0,7.2
7.27,white,11.5,0.38,0.9934,3.12,8.0,152.0,7.9
5.03,white,9.0,0.23,0.99458,3.13,5.0,106.0,5.8
6.46,red,9.7,0.0,0.99636,3.35,1.9,10.0,7.0
6.69,white,10.1,0.46,0.9956,2.89,10.5,83.0,9.8
6.75,red,9.1,0.18,0.997,3.44,1.8,40.0,7.1
7.65,red,10.4,0.25,0.9953,3.34,2.0,61.0,6.8
6.72,red,10.0,0.09,0.99735,3.23,3.3,17.0,8.6
8.15,red,9.7,0.41,0.998,3.28,2.0,16.0,9.3
9.05,white,10.8,0.56,0.9938,3.25,1.0,84.0,7.8
8.29,white,11.7,0.34,0.9917,3.37,1.6,128.0,6.9
7.58,red,9.2,0.37,0.998,3.22,2.2,13.0,9.4
8.63,white,11.7,0.34,0.98993,3.5,1.0,86.0,5.8
6.17,red,9.5,0.09,0.9971,3.18,2.2,42.0,7.8
8.61,red,11.2,0.3,0.9964,3.33,2.8,28.0,8.7
6.19,white,10.0,0.42,0.99624,3.04,11.8,193.0,7.1
5.99,white,9.3,0.26,0.99478,3.36,5.1,103.0,5.8
8.15,red,11.3,0.22,0.99438,3.41,2.3,24.0,6.8
6.89,red,9.8,0.09,0.994,3.5,1.5,19.0,5.7
9.56,red,12.0,0.53,0.9962,3.2,2.4,18.0,9.4
7.94,white,12.9,0.33,0.98896,3.17,2.9,73.0,5.6
5.53,white,9.0,0.31,1.0002,3.13,17.3,197.0,7.3
5.99,white,9.0,0.28,0.9949,3.27,5.4,105.0,6.7
7.86,red,10.9,0.2,0.9955,3.36,2.0,60.0,7.7
6.84,white,10.8,0.32,0.9938,3.2,5.9,152.0,6.8
7.33,red,10.1,0.21,0.99556,3.4,2.4,69.0,7.0
6.61,white,10.9,0.28,0.99469,3.11,10.2,115.0,6.7
5.23,white,9.2,0.26,0.99838,3.04,14.95,178.0,7.5
7.53,white,9.7,0.69,0.9931,3.06,1.3,171.0,6.8
5.8,red,9.6,0.08,0.99529,3.12,1.8,64.0,6.8
8.75,red,10.0,0.66,0.9992,3.05,2.5,37.0,11.9
8.39,red,12.8,0.0,0.99378,3.71,2.2,11.0,5.6
8.21,red,12.3,0.02,0.9955,3.58,2.7,34.0,6.6
5.65,white,9.2,0.26,0.9965,3.25,8.3,180.0,6.9
8.26,white,12.8,0.3,0.98869,3.34,1.1,110.0,5.5
7.72,white,10.1,0.29,0.9932,3.35,1.3,64.0,7.7
4.56,white,8.8,0.27,0.99742,3.04,10.3,219.0,6.6
8.01,red,10.2,0.3,0.9972,3.4,2.1,50.0,8.3
8.21,red,11.7,0.07,0.99598,3.6,2.0,57.0,6.7
7.7,white,12.6,0.15,0.9903,3.3,2.0,87.0,7.2
7.93,white,10.4,0.35,0.9941,3.41,1.5,128.0,7.0
5.75,white,9.0,0.42,0.9932,3.02,1.1,197.0,6.0
7.54,white,11.4,0.33,0.9939,3.2,6.7,138.0,7.5
8.38,white,13.2,0.31,0.98964,3.46,2.7,100.0,5.6
6.68,white,11.1,0.2,0.99324,3.12,6.6,65.0,6.8
6.91,white,10.6,0.34,0.99497,3.08,6.7,162.0,9.0
7.74,red,10.6,0.25,0.99633,3.42,2.3,58.0,6.1
7.58,white,12.8,0.18,0.99018,3.34,3.5,109.0,6.3
6.43,white,10.8,0.16,0.99564,3.4,12.55,115.0,5.4
7.15,white,10.1,0.4,0.99204,3.32,1.2,124.0,5.0
8.07,red,11.0,0.24,0.9993,3.06,2.5,53.0,11.2
8.58,white,13.0,0.4,0.98926,3.19,1.2,84.0,6.1
7.73,white,10.9,0.37,0.9924,3.16,1.6,94.0,7.2
7.09,white,11.1,0.33,0.99268,3.25,7.4,95.0,5.6
6.83,white,10.5,0.36,0.9944,3.01,6.8,90.0,8.2
6.89,red,9.5,0.21,0.9961,3.33,2.0,35.0,7.3
7.29,white,10.5,0.3,0.9928,3.29,1.9,153.0,6.6
5.92,white,9.4,0.17,0.99803,3.47,8.8,212.0,6.3
7.66,white,12.0,0.32,0.98978,3.07,1.2,94.0,7.3
6.46,white,9.7,0.34,0.9944,3.2,4.0,128.0,6.9
6.1,white,9.6,0.31,0.9979,3.26,15.7,179.0,6.7
6.02,red,9.1,0.13,0.9984,3.17,2.9,63.0,8.3
6.65,red,10.3,0.06,0.99489,3.38,2.0,44.0,6.5
6.51,red,9.5,0.04,0.99525,3.42,1.5,10.0,6.8
7.1,red,10.0,0.08,0.9956,3.4,2.0,19.0,7.0
6.65,white,10.4,0.26,0.9944,3.13,7.8,90.0,7.7
7.11,red,10.8,0.06,0.9962,3.41,6.0,18.0,6.8
7.01,red,10.0,0.15,0.99604,3.23,2.1,32.0,7.7
6.22,red,9.3,0.02,0.9972,3.44,2.5,42.0,7.2
8.08,red,10.8,0.1,0.99736,3.58,2.4,33.0,7.4
6.84,white,10.2,0.26,0.997,3.25,9.0,132.0,7.8
6.35,white,9.9,0.3,0.9937,3.2,2.25,210.0,6.4
6.29,white,10.8,0.21,0.99384,3.15,6.7,157.0,6.6
7.4,white,10.6,0.42,0.9959,3.17,7.1,169.0,8.0
6.83,white,13.6,0.23,0.99164,2.93,10.8,95.0,7.7
5.56,white,9.2,0.24,0.99626,3.2,8.5,151.0,7.2
8.01,white,11.8,0.49,0.9958,3.14,14.0,156.0,7.6
6.81,red,9.3,0.31,0.99625,3.29,1.8,120.0,7.8
6.03,red,9.2,0.22,0.99499,3.1,1.8,60.0,7.5
6.35,white,8.8,0.68,0.9978,2.99,11.0,133.0,7.5
7.87,white,11.3,0.33,0.99048,3.37,1.2,122.0,5.4
9.81,red,11.9,0.45,0.99552,3.41,1.8,21.0,8.9
5.72,white,9.0,0.34,0.9973,3.16,12.2,146.0,7.4
7.09,white,11.3,0.47,0.99184,2.92,4.1,163.0,7.5
6.1,white,9.3,0.3,0.9946,3.31,4.6,101.0,5.7
8.8,red,11.6,0.44,0.99484,3.29,2.4,34.0,6.7
8.25,white,12.2,0.54,0.99267,3.26,7.9,169.0,6.9
7.05,white,9.3,0.6,0.9927,3.12,1.1,144.0,6.6
8.05,red,9.5,0.49,0.9982,3.3,2.8,111.0,8.8
7.88,white,11.2,0.4,0.9921,3.12,2.0,87.0,8.1
6.21,white,9.5,0.44,0.9968,3.18,11.6,195.0,6.3
6.31,white,10.1,0.24,0.9923,3.0,1.0,119.0,7.0
5.87,white,8.9,0.5,0.9974,3.04,12.1,127.0,6.7
6.32,white,9.5,0.43,0.9969,3.26,11.75,198.0,6.8
7.14,red,10.8,0.09,0.99655,3.35,5.5,17.0,6.6
7.17,white,10.6,0.28,0.98985,3.13,0.7,28.0,5.9
7.62,white,12.5,0.44,0.99124,2.96,6.5,126.0,7.9
7.31,white,11.1,0.34,0.9923,3.1,2.6,125.0,7.5
7.56,red,9.8,0.38,0.99726,3.15,2.5,66.0,9.8
6.87,red,8.8,0.5,1.00242,3.16,13.8,82.0,9.9
6.01,white,9.3,0.49,0.9953,3.19,6.8,222.0,6.0
9.32,red,11.5,0.39,0.9989,3.37,3.2,59.0,9.8
6.67,white,11.3,0.29,0.99143,3.0,3.1,122.0,7.2
5.26,white,9.3,0.22,0.99853,3.12,17.45,151.0,6.3
7.91,white,12.9,0.3,0.989,3.32,2.2,129.0,5.8
5.3,white,9.3,0.06,0.9932,3.32,2.7,79.0,5.1
7.46,white,10.8,0.36,0.99201,3.22,2.5,73.0,5.9
8.83,red,10.2,0.63,0.9988,2.99,2.0,15.0,12.5
6.31,white,9.2,0.49,0.9956,3.24,7.3,206.0,6.4
7.03,white,9.9,0.38,0.9924,3.14,1.2,124.0,7.1
7.95,white,11.2,0.27,0.99026,3.5,0.9,103.0,5.5
6.13,white,10.0,0.23,0.9934,3.24,5.4,149.0,6.5
5.31,white,9.6,0.16,0.9949,3.18,7.0,136.0,6.2
7.37,white,10.0,0.26,0.9952,3.58,2.0,180.0,6.4
6.75,red,9.5,0.32,0.9968,3.2,1.9,144.0,7.9
8.63,red,11.2,0.43,0.9955,3.17,2.3,19.0,8.4
6.95,red,10.0,0.03,0.9968,3.44,1.7,35.0,6.8
6.3,red,9.8,0.29,0.9972,2.93,2.0,133.0,8.6
7.15,white,11.1,0.35,0.99195,3.11,3.2,107.0,7.1
6.58,red,9.4,0.0,0.9978,3.51,1.8,40.0,7.4
7.62,white,11.2,0.32,0.992,3.17,1.3,123.0,7.0
7.1,red,10.8,0.09,0.99655,3.35,5.5,17.0,6.6
6.54,red,10.0,0.0,0.9965,3.32,2.4,29.0,7.5
8.32,white,13.2,0.37,0.991,3.23,4.6,114.0,7.3
8.29,red,10.5,0.3,0.99788,3.36,3.4,34.0,8.3
7.57,white,10.7,0.3,0.99222,3.28,1.3,84.0,7.3
7.3,white,10.5,0.48,0.99184,2.9,1.1,58.0,8.5
7.23,red,10.2,0.3,0.99786,2.99,2.6,60.0,10.8
7.03,white,9.3,0.4,0.9988,3.4,8.9,146.0,8.4
7.2,white,11.7,0.3,0.98986,3.01,1.1,94.0,6.4
6.75,white,10.0,0.39,0.99725,3.17,10.2,149.0,6.7
7.89,red,10.2,0.31,0.9994,3.18,2.2,62.0,10.0
7.72,red,12.5,0.01,0.9934,3.57,1.7,27.0,5.3
5.14,white,9.4,0.28,0.99738,2.96,10.4,187.0,7.2
8.05,red,11.95,0.06,0.99348,3.57,1.6,18.0,6.2
9.17,red,12.2,0.41,0.99414,3.22,2.0,40.0,9.0
7.36,white,10.1,0.24,0.995,3.65,2.3,189.0,5.7
6.06,white,10.2,0.06,0.99432,3.44,6.8,84.0,5.6
4.65,white,8.8,0.27,0.99807,2.94,13.9,155.0,7.3
8.32,white,12.9,0.31,0.99013,3.29,2.3,113.0,6.7
8.74,red,11.2,0.42,0.994,3.29,1.6,30.0,7.9
7.63,white,12.9,0.32,0.99188,3.13,9.0,113.0,6.7
8.07,red,9.7,0.34,0.99864,3.24,2.3,45.0,9.8
8.87,red,11.4,0.46,0.99598,3.06,2.2,27.0,10.5
6.98,white,10.4,0.33,0.99546,3.28,8.5,141.0,6.6
8.01,white,11.5,0.3,0.99089,3.32,1.6,86.0,6.4
7.33,red,9.4,0.28,0.99694,3.45,2.0,68.0,7.1
7.31,red,9.5,0.31,0.99815,3.32,2.8,98.0,9.0
5.07,white,9.1,0.5,0.99542,2.86,10.4,132.0,6.3
4.84,white,9.0,0.14,0.99564,3.23,7.05,177.0,6.3
7.29,white,10.6,0.36,0.99592,3.19,7.4,156.0,8.1
8.65,red,9.6,0.49,1.0002,3.19,2.2,14.0,12.3
8.02,white,12.6,0.42,0.98871,3.1,1.1,113.0,5.8
6.85,red,9.9,0.26,0.99622,3.21,2.0,131.0,7.8
7.79,white,10.7,0.26,0.9925,3.43,1.7,130.0,7.0
6.07,red,9.4,0.11,0.9968,3.17,2.3,67.0,8.5
7.07,red,10.7,0.0,0.9966,3.52,2.4,30.0,6.8
6.04,white,9.0,0.52,0.99494,3.1,5.0,139.0,6.0
7.19,white,10.4,0.28,0.99486,3.4,8.5,108.0,6.2
5.04,white,8.5,0.48,1.00038,2.98,18.0,183.0,6.5
6.46,white,9.5,0.52,0.99548,3.18,8.1,202.0,6.6
6.35,white,8.9,0.41,1.0,3.32,15.4,191.0,7.3
10.0,red,13.3,0.66,0.9988,3.11,6.2,24.0,11.4
7.64,white,10.3,0.49,0.9932,3.03,1.5,122.0,8.5
7.79,red,10.4,0.14,0.99636,3.53,1.8,23.0,7.0
5.07,white,9.4,0.27,0.9954,3.07,11.75,118.0,4.9
7.05,white,10.2,0.41,0.99742,3.24,12.9,182.0,6.8
7.55,red,10.7,0.07,0.9962,3.44,1.6,15.0,6.6
8.37,red,10.7,0.24,0.9972,3.37,2.1,13.0,8.1
6.89,white,9.9,0.33,0.9944,3.22,2.0,175.0,7.6
5.69,white,8.6,0.29,0.99936,3.39,13.1,125.0,6.0
7.72,white,12.2,0.28,0.9918,3.16,4.5,102.0,7.7
7.01,white,10.7,0.29,0.99142,3.17,1.1,140.0,6.4
7.87,white,12.6,0.28,0.9903,3.26,4.0,81.0,6.4
7.0,red,10.1,0.13,0.99546,3.29,2.0,20.0,7.2
8.61,red,11.4,0.24,0.99462,3.44,2.1,7.0,6.9
6.71,white,10.96666667,0.41,0.9937,3.09,10.8,149.0,6.0
8.71,red,10.5,0.59,0.998,2.92,1.4,42.0,12.0
8.44,white,12.6,0.33,0.99084,3.34,2.3,125.0,7.3
9.39,red,11.9,0.43,0.9946,3.38,1.7,50.0,8.0
8.86,red,11.4,0.42,0.99392,3.18,1.8,18.0,9.1
7.1,white,10.8,0.37,0.99519,3.2,11.8,130.0,6.3
7.97,white,12.0,0.3,0.98985,3.2,1.4,63.0,7.0
7.57,red,10.1,0.31,0.99824,3.38,8.8,45.0,6.8
6.92,white,10.13333333,0.33,0.99362,3.32,6.0,111.0,6.0
7.91,white,12.3,0.33,0.98987,3.08,1.3,87.0,6.8
7.26,red,10.9,0.05,0.9962,3.41,4.65,11.0,7.2
8.5,red,11.1,0.33,0.9949,3.41,2.2,36.0,6.9
5.64,white,9.8,0.27,0.99592,3.1,10.8,116.0,5.7
7.67,white,11.8,0.32,0.99108,3.39,3.8,116.0,6.0
7.61,white,11.7,0.34,0.98958,3.18,1.4,115.0,6.4
7.46,white,12.4,0.27,0.99129,3.16,5.2,96.0,6.7
5.22,white,9.2,0.24,0.99822,3.08,16.05,147.0,6.6
10.0,red,10.5,0.64,0.9986,3.54,2.2,42.0,8.8
5.34,white,9.8,0.17,0.993,3.0,5.1,82.0,6.8
6.47,white,9.6,0.42,0.9954,3.16,6.4,151.0,6.7
7.22,white,9.5,0.43,0.9982,3.4,10.1,146.0,8.0
6.12,red,9.3,0.11,0.9955,3.34,1.8,38.0,6.5
7.37,white,13.0,0.28,0.98946,3.16,4.3,115.0,5.8
8.49,white,12.7,0.34,0.98961,3.36,1.3,111.0,6.0
6.29,white,9.7,0.0,0.994,3.63,1.5,103.0,5.5
7.37,red,9.1,0.68,0.99652,2.9,1.7,64.0,9.1
7.39,white,11.45,0.29,0.9902,3.04,1.1,84.0,7.5
6.69,white,10.8,0.18,0.99392,3.12,3.3,143.0,7.7
5.75,white,8.8,0.32,0.99975,3.12,13.4,169.0,8.7
6.59,red,9.0,0.18,0.9972,3.3,1.9,35.0,8.1
7.66,red,9.5,0.29,0.9971,3.45,1.9,66.0,7.6
7.08,white,12.4,0.36,0.9897,3.14,5.1,145.0,5.2
8.41,red,9.7,0.57,0.9971,3.26,2.0,85.0,8.9
7.54,red,9.9,0.16,0.9977,3.5,1.8,39.0,7.4
9.18,red,11.0,0.53,0.9972,3.15,2.6,16.0,10.7
7.91,red,11.1,0.09,0.9994,3.43,2.8,49.0,8.1
7.2,red,10.1,0.03,0.99498,3.66,1.5,13.0,5.6
6.62,red,9.5,0.19,0.9964,3.19,1.8,47.0,7.8
5.79,white,9.5,0.28,0.9977,3.23,14.7,198.0,6.3
6.14,white,9.4,0.26,0.9934,3.15,1.9,86.0,7.1
7.28,white,10.2,0.3,0.99289,3.24,1.0,113.0,6.8
4.8,white,9.2,0.14,0.99344,3.07,3.9,113.0,6.1
7.33,white,11.2,0.18,0.99164,3.27,1.4,90.0,6.8
5.32,white,9.1,0.29,0.99834,3.05,14.4,118.0,6.6
7.47,white,10.3,0.5,0.9923,3.15,2.1,122.0,6.7
9.94,red,11.2,0.76,1.0032,2.95,3.7,43.0,15.6
6.93,red,9.4,0.27,0.99782,3.27,2.3,144.0,9.5
7.47,red,11.8,0.01,0.99371,3.41,2.1,43.0,7.7
6.55,white,9.9,0.3,0.99654,3.2,12.9,88.0,6.8
8.0,red,10.03333333,0.4,0.99704,3.07,1.4,28.0,11.6
7.88,white,10.0,0.39,0.99346,3.5,1.2,152.0,6.7
7.63,white,11.6,0.48,0.9938,2.9,6.6,73.0,9.0
6.14,red,9.5,0.04,0.9978,3.34,3.8,45.0,7.7
6.67,red,9.6,0.07,0.9973,3.32,1.4,20.0,7.2
6.94,red,9.7,0.25,0.99779,3.23,2.8,104.0,9.0
9.68,red,12.1,0.47,0.99736,3.24,2.65,34.0,11.1
7.47,white,11.2,0.36,0.99126,3.11,2.6,98.0,7.0
7.41,white,11.0,0.3,0.99109,3.02,1.1,57.0,8.3
6.97,white,9.2,0.74,0.9956,3.21,7.8,209.0,6.4
7.37,red,8.7,0.49,0.9988,3.34,2.6,55.0,8.2
7.59,white,11.6,0.42,0.9901,3.13,2.2,128.0,6.2
8.53,red,10.8,0.33,0.99818,3.24,2.5,38.0,10.8
5.86,red,9.2,0.2,0.99892,3.2,8.1,92.0,7.5
6.95,red,11.3,0.27,0.9948,3.16,8.6,148.0,6.7
7.81,white,10.3,0.22,0.99307,3.61,1.3,66.0,6.3
6.15,white,10.4,0.3,0.99152,3.03,2.8,125.0,6.4
6.97,red,10.3,0.03,0.9969,3.37,1.9,57.0,7.6
5.75,white,10.1,0.23,0.9948,2.89,6.2,93.0,9.2
6.97,white,9.6,0.32,0.9948,3.3,1.6,124.0,6.8
6.43,white,11.05,0.32,0.99043,2.92,2.8,80.0,6.3
6.66,white,9.9,0.28,0.9934,3.15,1.8,127.0,7.8
6.18,red,9.3,0.17,0.9963,3.2,2.3,73.0,8.2
7.94,red,9.5,0.42,0.999,3.28,2.8,73.0,10.3
8.05,white,9.4,0.65,0.9946,3.33,1.4,157.0,7.3
6.21,red,9.4,0.08,0.9954,3.34,1.7,20.0,6.3
10.0,red,11.9,0.49,1.001,3.25,4.3,14.0,12.5
6.54,red,9.5,0.19,0.9962,3.32,2.0,108.0,7.8
7.21,white,10.3,0.39,0.99652,3.37,7.5,218.0,7.0
7.61,red,11.7,0.28,0.99064,3.26,2.4,100.0,6.7
6.39,white,10.1,0.27,0.99776,3.2,17.4,140.0,6.5
6.3,white,11.5,0.29,0.99112,2.93,5.35,106.0,6.6
8.49,red,10.2,0.39,0.9984,3.26,2.2,31.0,9.3
7.02,white,11.0,0.35,0.99388,3.13,8.8,103.0,7.0
6.7,red,9.5,0.23,0.9962,3.32,2.1,96.0,7.7
9.44,red,11.4,0.56,0.99534,3.15,2.0,8.0,9.9
8.35,white,12.2,0.43,0.99,3.08,2.0,69.0,7.3
6.19,white,10.1,0.3,0.99555,3.1,7.8,196.0,7.7
6.62,red,9.5,0.1,0.9963,3.26,2.1,22.0,7.7
6.08,white,10.4,0.3,0.99524,3.03,11.8,133.0,6.8
7.51,red,10.9,0.0,0.99476,3.5,2.1,9.0,7.6
9.96,red,11.8,0.64,0.9973,3.09,2.4,15.0,10.5
5.33,white,9.4,0.28,0.99489,3.06,7.7,132.0,6.0
7.73,red,12.7,0.37,0.99007,2.89,0.9,109.0,8.0
7.69,red,9.2,0.6,0.9973,3.2,2.1,90.0,8.4
6.55,white,10.9,0.3,0.99414,3.07,9.9,124.0,7.1
6.88,red,10.0,0.05,0.99814,3.36,2.4,96.0,9.0
6.56,white,10.9,0.26,0.9955,3.04,9.9,181.0,7.8
8.45,white,12.7,0.46,0.9906,3.12,1.5,133.0,7.1
6.61,white,9.5,0.71,0.99784,2.85,17.5,114.0,6.8
7.52,white,10.6,0.29,0.99471,3.6,6.2,151.0,6.1
8.58,white,11.8,0.38,0.99112,3.28,1.1,104.0,7.5
6.43,white,8.8,0.62,0.99779,3.16,10.6,153.0,7.5
6.58,white,10.0,0.48,0.9958,2.87,9.85,110.0,9.8
7.21,white,9.7,0.49,0.9934,3.13,1.2,160.0,8.1
7.44,white,10.3,0.39,0.9918,3.23,1.1,67.0,5.6
7.34,red,10.1,0.21,0.99558,3.4,2.3,65.0,7.0
7.59,red,10.5,0.01,0.99746,3.69,1.9,25.0,6.6
7.27,red,11.8,0.0,0.99488,3.45,4.3,20.0,6.5
8.24,white,12.0,0.33,0.991,3.34,1.9,93.0,6.5
8.35,red,9.4,0.7,0.9974,3.13,1.9,67.0,7.8
6.28,white,9.4,0.51,0.99548,3.16,7.6,200.0,6.3
7.07,red,11.8,0.01,0.99332,3.32,2.3,46.0,7.2
5.28,white,9.5,0.14,0.99542,3.28,8.6,142.0,5.9
8.01,red,9.9,0.22,1.0004,3.28,2.7,34.0,10.7
8.24,white,12.3,0.39,0.9908,3.26,2.3,102.0,7.2
4.74,white,8.6,0.31,0.9977,3.16,12.0,238.0,6.1
7.57,red,10.0,0.18,0.9975,3.43,2.3,54.0,7.8
6.01,red,9.4,0.04,0.99565,3.35,2.0,67.0,7.0
5.39,white,9.1,0.27,0.99602,3.12,11.0,116.0,6.2
7.81,red,9.0,0.58,1.0004,3.06,1.9,40.0,13.3
8.0,white,11.7,0.33,0.9912,3.21,2.4,101.0,7.8
8.39,red,10.5,0.3,0.99774,3.32,1.9,17.0,9.1
8.09,red,11.6,0.08,0.99646,3.56,4.4,32.0,6.2
6.59,white,11.5,0.28,0.9928,2.96,4.75,166.0,7.8
6.18,white,9.8,0.09,0.99496,3.22,1.5,117.0,7.4
7.87,red,9.5,0.54,1.0001,3.13,2.7,101.0,11.1
7.61,red,11.5,0.0,0.99488,3.42,2.1,14.0,7.1
6.85,white,11.94,0.22,0.99172,3.2,7.3,117.0,6.3
4.45,white,8.7,0.27,0.9984,2.9,15.5,135.0,7.4
6.39,red,9.5,0.14,0.9969,3.19,2.4,42.0,8.8
7.61,red,11.2,0.09,0.99402,3.45,1.7,30.0,6.1
6.85,white,9.8,0.31,0.9942,3.41,5.2,120.0,6.8
6.91,white,9.4,0.32,0.9956,3.55,4.6,144.0,7.0
8.74,red,10.8,0.43,0.9982,3.17,2.1,66.0,10.8
8.3,white,13.5,0.12,0.99246,3.32,1.1,10.0,4.8
6.94,white,10.0,0.17,0.9932,3.26,1.4,26.0,6.5
9.43,white,11.85,0.6,0.99331,3.24,1.85,106.0,7.9
5.23,white,9.3,0.12,0.99424,3.16,4.8,97.0,6.2
7.32,white,13.0,0.25,0.99116,3.09,7.5,117.0,6.9
6.42,red,9.4,0.0,0.9994,3.36,2.6,28.0,9.1
7.94,white,10.3,0.39,0.9955,3.28,2.4,107.0,8.3
7.06,red,10.9,0.02,0.99489,3.39,1.9,42.0,6.7
6.32,white,9.8,0.36,0.9972,3.16,13.0,177.0,7.0
8.39,red,10.5,0.32,0.9991,3.38,5.6,47.0,8.9
7.42,white,11.4,0.36,0.99094,3.01,1.2,126.0,6.6
8.98,red,11.9,0.35,0.99458,3.32,1.7,15.0,7.9
7.46,white,11.2,0.36,0.9941,3.26,7.0,161.0,7.8
9.02,red,10.1,0.51,0.9996,3.28,4.0,23.0,11.5
9.32,red,12.5,0.39,0.99386,3.27,2.0,10.0,8.4
10.0,red,12.7,0.49,1.0021,3.3,4.3,47.0,13.0
7.45,white,10.6,0.29,0.99458,3.34,4.6,88.0,6.8
8.35,white,12.3,0.29,0.9896,3.38,1.0,96.0,6.0
7.77,red,9.4,0.42,0.9974,3.21,2.0,27.0,8.3
8.91,white,14.0,0.47,0.9907,3.38,7.5,88.0,5.8
7.66,white,10.8,0.3,0.995,3.22,2.1,138.0,8.2
7.56,white,10.9,0.36,0.99473,3.34,8.4,123.0,6.7
4.71,white,9.6,0.19,0.993,2.83,3.5,130.0,6.8
7.41,white,11.8,0.32,0.99407,3.11,10.5,105.0,8.1
6.19,white,9.5,0.3,0.9966,3.33,8.2,207.0,7.3
6.12,white,9.4,0.21,0.9932,3.17,2.2,68.0,6.8
8.4,red,9.4,0.45,0.9991,3.39,2.3,40.0,9.9
5.24,white,9.8,0.17,0.99373,3.05,5.6,127.0,6.0
5.93,white,9.6,0.36,0.9949,3.15,8.0,168.0,6.6
6.99,white,10.5,0.34,0.9927,3.05,1.6,154.0,7.8
5.16,white,9.7,0.2,0.99604,2.96,11.4,131.0,6.6
6.54,white,8.8,0.43,1.0008,3.28,15.0,184.0,8.8
4.95,white,9.0,0.18,0.9962,3.23,7.7,186.0,6.3
6.61,white,11.0,0.22,0.9924,3.24,2.0,307.5,7.1
8.36,white,12.9,0.4,0.9907,3.02,1.6,110.0,8.3
6.6,white,11.0,0.26,0.9928,3.15,6.8,93.0,6.0
6.2,white,9.3,0.49,0.996,3.16,7.7,217.0,6.6
7.83,white,12.0,0.35,0.99006,3.18,1.5,107.0,6.6
5.59,white,9.5,0.2,0.9946,3.24,5.7,172.0,6.4
8.45,red,12.5,0.0,0.99258,4.01,1.2,46.0,5.4
8.95,red,11.0,0.46,0.99534,3.4,2.1,44.0,7.2
7.75,red,9.5,0.24,0.9983,3.45,2.0,28.0,7.5
5.61,white,8.7,0.55,1.0017,2.96,16.6,238.0,7.4
5.7,white,9.4,0.27,0.9948,3.19,5.2,179.0,6.5
7.32,white,11.33333333,0.27,0.9914,3.21,2.6,76.0,6.5
7.79,white,10.5,0.49,0.9953,3.13,7.3,63.0,8.6
7.04,red,10.1,0.13,0.99546,3.29,2.0,20.0,7.2
6.39,white,9.9,0.21,0.9956,3.39,7.1,162.0,6.4
6.98,white,9.2,0.61,0.9987,3.06,16.2,103.0,7.2
5.92,white,8.8,0.44,0.99955,3.26,14.4,228.0,6.4
7.43,red,10.7,0.0,0.9966,3.63,4.25,14.0,7.4
7.99,white,13.5,0.37,0.9896,3.07,2.7,128.0,7.1
7.26,white,11.0,0.18,0.9906,3.44,1.4,104.0,5.7
5.88,white,9.6,0.3,0.997,3.09,11.8,97.0,6.8
6.62,red,10.2,0.0,0.9997,3.46,5.6,58.0,6.8
6.69,white,10.4,0.29,0.99479,3.23,7.7,179.0,6.7
5.46,white,9.5,0.19,0.99297,3.05,1.1,191.0,6.5
6.84,red,9.6,0.15,0.99976,3.28,3.2,59.0,9.1
7.86,white,11.4,0.38,0.99043,3.03,1.0,81.0,6.9
7.68,white,10.6,0.31,0.9941,3.42,2.4,178.0,7.4
7.24,red,11.0,0.0,0.99521,3.36,1.9,12.0,7.6
6.11,white,9.6,0.44,0.99488,3.1,8.9,164.0,6.4
7.75,red,12.9,0.0,0.99264,3.56,1.7,86.0,5.1
6.75,white,9.8,0.38,0.9958,3.3,8.1,176.0,6.9
6.74,white,9.0,0.46,1.0004,3.27,15.4,177.0,8.1
9.37,white,12.2,0.48,0.99121,3.49,1.8,96.0,6.3
7.12,white,11.8,0.3,0.993,2.94,8.1,71.0,9.0
6.04,white,9.5,0.47,0.99592,3.12,11.2,183.0,6.3
7.59,red,9.2,0.59,0.99702,3.03,1.4,45.0,8.5
7.05,white,10.8,0.38,0.9909,3.12,2.6,69.0,5.5
6.31,white,9.3,0.27,0.99815,3.27,10.6,119.0,7.6
7.56,white,10.3,0.39,0.995,3.36,4.7,137.0,7.4
5.99,white,8.9,0.34,0.99976,3.22,13.7,184.0,7.8
5.87,white,9.2,0.34,0.99449,3.23,6.4,99.0,5.1
7.72,white,11.0,0.41,0.9951,3.06,2.3,145.0,9.5
6.11,white,9.5,0.29,0.9962,3.13,10.1,105.0,7.4
7.31,white,10.7,0.34,0.99216,3.29,1.4,184.0,6.5
9.03,red,10.0,0.66,1.0022,3.07,5.8,42.0,12.8
7.74,white,10.3,0.49,0.9932,3.03,1.5,122.0,8.5
7.09,red,9.6,0.39,0.9986,2.89,2.2,32.0,10.7
7.43,white,12.8,0.29,0.98902,3.04,2.0,96.0,6.3
6.32,red,9.2,0.1,0.99672,3.35,1.8,56.0,7.3
5.7,white,9.3,0.34,0.99542,3.11,6.6,156.0,6.7
6.47,white,10.3,0.33,0.99239,2.83,1.2,95.0,8.6
7.54,red,10.2,0.3,0.9958,3.26,2.0,62.0,8.0
6.49,white,9.7,0.39,0.99794,3.31,12.1,248.0,6.7
7.63,white,11.2,0.46,0.9932,3.19,3.8,187.0,7.2
5.46,white,9.3,0.3,0.9958,3.1,8.1,150.0,6.3
6.36,white,9.1,0.51,0.9987,3.09,15.3,171.0,7.9
7.6,white,10.6,0.34,0.99366,3.24,1.2,167.0,8.2
7.11,white,10.1,0.4,0.9925,3.09,1.7,60.0,6.4
5.98,white,9.1,0.56,0.998,2.98,14.5,159.0,6.4
5.9,white,9.5,0.27,0.99422,3.08,4.6,98.0,7.6
7.38,white,12.4,0.25,0.99171,3.27,5.0,138.0,6.4
6.11,white,9.4,0.42,0.99562,3.14,8.2,196.0,6.6
5.99,white,10.5,0.0,0.9936,3.32,5.6,31.0,5.9
8.3,white,13.4,0.33,0.98988,3.23,3.95,81.0,6.8
6.44,white,9.7,0.26,0.99245,3.12,1.2,97.0,7.4
8.08,red,9.8,0.49,0.9979,3.38,2.3,133.0,8.2
5.22,white,9.5,0.23,0.9952,3.14,7.2,220.0,6.7
5.55,white,9.4,0.23,0.9954,3.04,5.7,104.0,7.0
8.14,red,11.2,0.23,0.99438,3.4,2.0,22.0,6.9
9.82,red,10.9,0.63,0.99974,3.21,2.2,23.0,11.7
6.55,white,9.5,0.71,0.99784,2.85,17.5,114.0,6.8
7.74,red,11.5,0.03,0.99508,3.45,2.3,16.0,6.9
7.15,white,10.8,0.31,0.99324,3.31,4.5,124.0,5.8
7.49,white,13.0,0.36,0.99313,2.95,11.1,132.0,8.4
6.98,red,9.6,0.22,0.9976,3.18,2.2,48.0,9.1
8.55,white,13.13333333,0.4,0.9891,3.24,1.7,82.0,6.0
7.48,white,12.8,0.32,0.99158,3.12,7.75,114.0,7.0
6.85,white,12.0,0.31,0.99216,2.98,9.1,140.0,7.0
7.13,red,9.6,0.2,0.998,3.34,2.8,58.0,8.5
7.02,red,9.0,0.33,0.99706,3.41,1.9,85.0,7.6
8.02,white,12.5,0.29,0.99,3.25,2.0,86.0,6.6
7.02,white,9.6,0.32,0.9948,3.3,1.6,124.0,6.8
6.17,white,10.0,0.2,0.99378,3.21,2.2,134.0,5.6
6.87,red,9.5,0.12,0.996,3.39,1.6,21.0,7.4
7.72,white,12.4,0.36,0.99272,3.14,8.2,111.0,7.3
8.67,white,11.4,0.42,0.99103,3.32,1.0,71.0,7.0
6.74,red,9.9,0.0,0.9972,3.47,1.8,34.0,7.1
7.53,white,12.2,0.3,0.99142,3.23,4.6,154.0,6.6
8.8,red,12.7,0.19,0.9956,3.56,3.2,39.0,6.3
8.14,white,13.5,0.3,0.98894,3.22,2.2,107.0,6.5
5.51,white,9.1,0.38,0.99572,3.17,7.9,208.0,6.2
8.38,white,11.2,0.47,0.9922,3.56,4.5,112.0,5.6
8.26,white,11.4,0.4,0.993,3.23,1.6,133.0,6.8
6.62,red,9.5,0.06,0.99746,3.51,2.7,85.0,7.2
7.09,white,10.7,0.16,0.9917,3.48,1.5,97.0,5.0
5.7,white,9.4,0.3,0.99519,3.18,7.3,159.0,6.0
6.83,white,10.7,0.32,0.99332,3.12,7.6,107.0,6.8
7.26,red,11.3,0.0,0.99538,3.44,2.7,33.0,6.8
5.89,white,9.5,0.3,0.9958,3.24,7.8,202.0,6.6
4.86,white,9.0,0.28,0.99792,2.96,14.7,149.0,7.0
7.1,white,10.1,0.28,0.9927,3.33,1.2,140.0,6.7
6.64,white,10.5,0.4,0.99532,2.98,9.85,103.0,6.8
6.59,red,9.5,0.22,0.99688,3.24,2.3,81.0,8.0
7.98,white,10.8,0.37,0.992,3.3,1.5,93.0,6.8
6.39,white,9.4,0.44,0.99584,3.2,8.2,183.0,6.8
7.76,red,12.2,0.03,0.9963,3.52,7.8,12.0,6.6
5.91,white,10.2,0.31,0.99546,3.02,12.9,161.0,6.4
6.87,red,10.8,0.01,0.99522,3.34,2.4,39.0,6.9
7.7,white,12.2,0.35,0.992,3.11,5.3,117.0,7.7
7.57,white,10.5,0.29,0.9929,3.48,1.6,127.0,6.4
6.25,white,9.8,0.23,0.99382,3.11,2.0,134.0,7.7
8.15,red,10.5,0.19,0.99655,3.49,1.8,34.0,7.4
6.71,white,11.3,0.28,0.9935,3.08,7.2,132.0,7.2
9.5,white,11.2,0.74,0.9926,3.35,1.5,122.0,7.0
7.65,white,11.4,0.33,0.98946,3.35,1.1,113.0,5.1
6.6,white,9.8,0.31,0.99434,3.23,2.1,208.0,7.8
7.32,white,10.6,0.28,0.9948,3.59,5.7,189.5,6.0
6.47,white,8.9,0.38,1.0004,3.34,11.8,170.0,8.4
6.91,white,9.2,0.74,0.9956,3.21,7.8,209.0,6.4
7.0,white,11.5,0.26,0.99188,3.38,6.8,120.0,5.1
6.91,white,12.2,0.22,0.99076,2.97,4.5,73.0,7.2
7.93,white,10.5,0.36,0.9944,3.42,2.1,172.0,7.6
6.5,white,9.4,0.35,0.9984,3.36,11.1,198.0,6.3
8.49,white,11.5,0.37,0.99244,3.2,1.2,93.0,8.9
7.95,red,13.0,0.08,0.99286,3.22,2.6,7.0,8.0
7.12,red,9.0,0.24,0.9991,3.32,2.5,15.0,8.7
6.32,white,9.2,0.65,0.9964,3.0,8.3,182.0,7.2
8.73,white,10.7,0.37,0.9936,3.54,1.5,75.0,7.5
7.04,white,11.9,0.27,0.99088,2.97,1.7,122.0,7.9
7.61,white,11.4,0.25,0.9915,3.27,1.3,123.0,7.1
6.73,white,10.6,0.45,0.9927,3.01,4.6,158.0,7.5
7.97,red,11.4,0.04,0.9942,3.72,1.7,13.0,5.6
6.99,red,10.9,0.04,0.9962,3.21,2.2,56.0,8.8
6.78,white,9.9,0.22,0.9934,3.41,1.5,157.0,6.4
8.17,white,11.0,0.38,0.9918,3.21,1.0,74.0,7.2
5.88,white,9.3,0.29,0.9986,3.25,12.7,209.0,7.5
4.99,white,9.0,0.28,0.99971,2.94,17.55,154.0,7.2
7.34,red,9.4,0.32,0.9984,3.32,2.8,122.0,9.0
6.98,white,11.2,0.29,0.99067,3.23,3.0,102.0,5.5
9.07,red,11.4,0.5,0.996,3.1,2.3,19.0,10.4
6.18,white,9.2,0.47,0.99822,3.04,13.3,116.0,7.6
5.26,white,9.0,0.36,0.9976,3.01,13.2,178.0,7.4
6.95,white,11.3,0.33,0.99107,3.16,4.2,133.0,5.8
9.71,red,12.0,0.47,0.99638,3.23,2.2,23.0,10.5
5.28,white,9.2,0.04,0.9934,3.26,1.2,108.0,6.2
6.66,white,11.5,0.28,0.99238,2.94,7.25,78.0,7.4
9.26,red,10.9,0.39,0.99652,3.47,1.5,55.0,9.3
6.31,red,9.2,0.2,1.0015,3.16,11.0,50.0,10.0
5.42,white,9.4,0.22,0.99676,3.1,12.3,146.0,6.6
6.47,red,9.4,0.18,0.99915,3.38,7.0,94.0,7.5
7.56,red,9.1,0.61,0.997,3.16,2.0,95.0,8.4
6.35,red,9.2,0.21,0.99823,3.19,2.5,88.0,8.8
6.28,white,9.5,0.27,0.9934,3.22,1.4,152.0,6.6
8.05,red,11.9,0.1,0.99362,3.57,2.6,27.0,6.1
8.78,red,10.5,0.46,0.99647,3.32,2.2,20.0,7.4
7.95,white,11.0,0.42,0.9908,3.18,1.0,113.0,6.4
8.01,white,11.5,0.34,0.99108,3.33,1.4,133.0,6.5
4.98,white,9.0,0.28,0.99792,2.96,14.7,149.0,7.0
6.34,white,9.4,0.3,0.99825,3.37,13.0,143.0,6.6
7.59,red,10.0,0.24,0.99576,3.43,2.0,48.0,7.3
8.69,white,11.8,0.42,0.9922,3.3,1.9,87.0,7.7
6.37,red,9.4,0.0,0.9972,3.47,1.9,35.0,7.1
8.66,red,11.1,0.42,0.99566,3.14,2.0,20.0,10.2
7.84,red,10.4,0.17,0.99634,3.49,1.8,51.0,7.1
5.96,red,9.3,0.17,0.998,3.09,2.9,119.0,8.6
5.52,white,9.1,0.26,0.9964,3.26,8.6,206.0,7.4
8.06,white,12.0,0.49,0.9935,3.04,7.8,95.0,8.4
9.42,red,12.3,0.42,0.99506,3.27,2.3,9.0,8.2
7.85,white,9.8,0.49,0.9931,3.32,1.4,74.0,6.2
7.52,white,10.2,0.46,0.9966,3.02,1.4,185.0,9.9
5.5,white,8.8,0.53,0.9955,3.03,6.6,234.0,6.4
7.4,white,10.8,0.31,0.9939,3.26,6.0,108.0,7.0
5.94,white,9.5,0.27,0.9953,3.27,5.6,164.0,6.6
7.16,red,9.7,0.32,0.99801,3.22,2.5,122.0,8.0
7.36,white,11.3,0.32,0.99182,3.24,4.2,117.0,6.3
8.65,red,9.6,0.66,0.9982,3.17,2.3,37.0,9.5
7.85,red,10.0,0.24,0.99692,3.29,1.7,21.0,9.0
9.25,red,11.6,0.4,0.99738,3.38,4.7,9.0,8.5
7.55,white,10.8,0.35,0.9927,3.25,1.3,182.0,6.9
7.54,white,12.1,0.38,0.99274,3.1,10.2,82.0,6.5
6.98,white,9.6,0.32,0.9948,3.29,1.6,150.0,7.9
8.77,red,9.5,0.63,1.0004,3.16,2.3,18.0,12.3
5.37,white,9.0,0.3,0.9984,3.08,13.0,193.0,6.8
6.22,white,9.4,0.48,0.99628,3.04,8.8,167.0,6.7
7.93,white,12.6,0.31,0.99035,3.24,3.9,96.0,6.6
4.42,white,8.8,0.24,0.99837,2.97,13.8,112.0,5.7
6.25,red,10.0,0.07,0.99502,3.12,1.7,48.0,7.4
9.78,red,11.5,0.58,1.0008,3.16,3.0,99.0,12.4
6.11,white,9.2,0.25,0.9919,3.22,0.7,89.0,5.1
7.68,white,11.3,0.35,0.9914,3.06,1.2,106.0,7.6
6.08,white,9.4,0.33,0.9968,3.2,10.1,152.0,6.9
6.05,white,9.5,0.35,0.997,3.09,9.2,186.0,8.0
7.77,white,10.7,0.26,0.99256,3.39,1.4,89.0,7.0
7.06,white,10.7,0.28,0.9916,3.1,1.3,90.0,6.6
7.34,white,10.8,0.3,0.99178,3.13,1.3,122.0,8.4
7.56,red,9.4,0.36,0.9976,3.34,2.3,48.0,8.0
7.48,white,10.2,0.31,0.9939,3.34,1.4,135.0,7.2
7.09,white,9.7,0.41,0.9947,3.18,4.3,99.0,8.5
7.2,red,9.5,0.24,0.99764,3.34,2.0,86.0,8.2
7.54,white,10.5,0.4,0.9932,3.14,2.0,92.0,7.3
6.05,white,9.0,0.35,0.9994,3.24,17.5,153.0,6.8
7.09,white,10.1,0.24,0.9942,3.37,1.7,124.0,6.6
6.4,white,9.6,0.33,0.9942,3.28,4.6,131.0,7.1
8.0,white,12.4,0.32,0.98946,3.23,1.6,95.0,5.8
6.95,white,10.7,0.27,0.9947,3.4,10.6,119.0,5.6
6.66,red,9.8,0.03,0.99745,3.53,2.2,88.0,7.2
6.01,red,9.1,0.2,0.9972,3.16,1.5,119.0,8.3
7.61,white,11.9,0.34,0.99,3.06,1.4,107.0,7.0
8.46,red,10.4,0.5,0.99783,3.1,2.0,50.0,11.2
6.88,white,12.2,0.21,0.9889,2.97,1.1,111.0,6.2
8.54,red,10.4,0.46,0.99628,3.1,1.9,9.0,10.2
8.09,white,11.1,0.49,0.992,3.15,1.1,156.0,7.4
8.14,white,10.7,0.41,0.9934,3.45,2.0,152.0,7.9
5.7,white,9.5,0.17,0.9956,3.09,8.2,60.0,8.0
9.16,red,10.5,0.44,0.9975,3.53,2.8,43.0,8.2
6.27,red,9.7,0.0,0.99701,3.4,1.9,39.0,6.8
6.49,red,9.4,0.22,0.9963,3.1,2.3,42.0,8.7
9.45,red,11.4,0.49,0.9994,3.14,2.8,19.0,12.7
7.55,red,11.2,0.13,0.9944,3.24,2.1,36.0,7.8
9.35,red,11.6,0.31,1.0002,3.48,3.0,81.0,8.7
6.99,red,9.55,0.1,0.99745,3.31,1.6,12.0,8.6
9.58,red,10.5,0.58,0.998,3.31,2.1,19.0,11.0
5.48,white,9.2,0.36,0.9958,3.08,8.1,180.0,6.6
8.0,white,11.45,0.34,0.99097,3.44,1.0,184.0,6.0
5.86,white,9.2,0.37,0.9995,3.03,16.95,190.0,7.4
5.73,white,9.7,0.25,0.9975,3.12,14.3,149.0,6.7
8.68,red,11.4,0.41,0.99492,3.34,2.4,60.0,7.5
5.25,white,9.0,0.27,0.99672,3.08,10.7,103.0,6.6
6.97,red,9.1,0.34,0.99554,3.12,1.4,10.0,8.9
5.06,white,9.0,0.23,0.99458,3.13,5.0,106.0,5.8
6.2,red,9.4,0.06,0.9964,3.3,1.6,59.0,7.9
5.87,red,9.0,0.03,0.9956,3.37,1.6,42.0,7.3
6.67,white,10.5,0.32,0.9972,3.22,16.4,153.0,6.9
5.54,white,8.7,0.33,0.9965,3.28,8.0,131.0,6.5
7.88,red,9.1,0.68,0.99656,3.09,1.7,32.0,7.8
7.38,white,9.7,0.7,0.998,3.06,13.1,197.0,8.4
7.62,white,11.4,0.3,0.9917,3.19,2.0,128.0,7.1
9.21,red,11.8,0.36,0.99562,3.4,2.6,39.0,8.9
5.99,white,9.2,0.48,0.9982,3.04,13.3,196.0,7.3
6.78,red,9.5,0.11,0.99888,3.31,2.8,44.0,9.1
6.89,white,11.6,0.28,0.9948,3.1,13.8,137.0,6.9
8.08,white,11.8,0.38,0.991,3.42,4.75,94.0,5.8
8.19,white,11.6,0.36,0.9912,3.29,1.7,101.0,6.6
7.44,white,11.7,0.33,0.9904,3.07,1.2,98.0,6.9
6.93,white,11.8,0.29,0.98938,3.06,2.2,100.0,6.1
9.09,red,14.0,0.24,0.9917,3.72,2.0,50.0,5.0
5.97,red,9.8,0.09,0.9964,3.15,2.2,108.0,8.4
6.68,white,10.4,0.36,0.9968,3.06,15.7,124.0,7.5
8.07,red,9.5,0.52,1.0014,3.05,3.2,53.0,13.3
5.96,white,11.0,0.29,0.99395,2.9,8.5,208.0,9.4
9.14,white,12.0,0.58,0.98984,3.51,1.25,129.0,5.6
7.28,white,11.4,0.31,0.99305,3.15,6.3,103.0,7.2
6.46,white,11.2,0.23,0.99344,3.05,6.65,158.0,8.3
7.49,white,10.4,0.37,0.99256,3.05,1.2,57.0,7.6
7.69,red,9.5,0.34,0.9998,3.38,3.0,112.0,8.9
8.86,white,12.5,0.46,0.9907,3.23,1.5,125.0,8.0
8.34,red,10.9,0.29,0.99666,3.4,2.2,49.0,7.4
8.86,white,12.6,0.4,0.9915,3.31,4.6,19.0,6.9
6.56,white,10.4,0.3,0.99581,3.21,9.3,154.0,7.3
6.28,white,9.7,0.24,0.9958,3.39,8.45,172.0,6.3
7.52,white,12.5,0.3,0.98914,2.96,1.2,95.0,7.2
6.85,white,9.7,0.4,0.9966,3.06,7.5,76.0,8.2
8.41,red,9.5,0.54,0.9988,3.25,2.7,19.0,10.4
7.78,white,11.5,0.49,0.9932,3.2,6.6,172.0,6.9
7.62,white,12.0,0.35,0.9924,3.16,6.3,126.0,7.6
6.42,white,10.0,0.36,0.9982,3.08,14.9,190.0,8.5
6.31,white,9.4,0.31,0.9942,3.12,1.5,153.0,8.3
7.21,white,11.6,0.27,0.99186,3.37,6.3,132.0,5.3
8.93,red,11.5,0.39,0.99331,3.29,1.2,11.0,7.3
7.14,white,12.2,0.16,0.98912,3.23,1.4,99.0,5.8
8.95,red,12.2,0.26,0.9953,3.71,2.3,74.0,5.2
7.99,white,11.8,0.42,0.9908,3.27,2.8,107.0,6.3
6.38,white,10.0,0.3,0.9956,3.29,6.4,251.0,6.7
6.83,white,10.7,0.27,0.99202,3.35,3.9,158.0,5.6
5.9,white,9.4,0.29,0.99702,3.17,13.9,95.0,6.6
7.19,red,9.6,0.21,0.9988,3.28,2.7,65.0,9.2
8.13,red,9.2,0.54,0.9983,3.39,2.5,57.0,8.8
7.03,white,10.8,0.18,0.99226,3.27,1.8,114.0,6.8
8.02,red,9.7,0.31,0.9982,3.52,2.3,71.0,7.6
7.75,white,10.9,0.35,0.9911,3.31,1.0,108.0,6.4
8.05,white,11.9,0.39,0.99093,3.08,1.0,154.0,7.9
7.56,red,10.9,0.26,0.9951,3.15,2.0,77.0,7.7
5.42,white,9.1,0.22,0.99675,3.2,8.9,133.0,6.6
7.97,white,12.3,0.33,0.9925,3.25,4.1,155.0,6.9
7.08,white,10.0,0.37,0.995,3.22,3.0,178.0,7.9
8.49,white,12.6,0.43,0.99014,3.23,1.6,114.0,6.7
9.49,red,11.0,0.5,1.0003,3.26,3.0,47.0,11.5
7.63,white,12.5,0.32,0.99412,3.14,14.5,79.0,6.7
8.87,red,11.3,0.22,1.001,3.43,3.4,86.0,10.1
7.16,red,10.1,0.13,0.99546,3.29,2.0,20.0,7.2
5.9,white,9.1,0.45,0.99869,3.14,14.3,181.0,6.7
7.08,white,10.1,0.29,0.99411,3.36,3.0,117.0,7.2
6.89,white,10.4,0.28,0.99347,3.24,4.4,107.0,6.9
8.52,white,12.5,0.49,0.9906,3.07,1.7,109.0,7.5
4.62,white,8.8,0.27,0.99807,2.94,13.9,155.0,7.3
5.34,white,9.0,0.39,0.9979,2.98,14.2,192.0,7.2
7.31,white,12.0,0.38,0.98956,3.06,3.2,89.0,6.2
7.59,white,10.4,0.45,0.997,3.2,10.6,124.0,9.1
9.59,red,12.2,0.4,0.99538,3.44,2.7,11.0,7.6
6.55,white,9.3,0.56,0.9981,3.11,15.4,141.0,6.6
8.24,white,11.8,0.38,0.98941,3.26,0.8,98.0,6.0
5.14,white,9.0,0.27,0.9967,3.05,10.7,154.0,6.8
6.29,white,9.4,0.37,0.99899,3.25,15.5,203.0,7.3
6.49,white,10.46666667,0.14,0.99212,3.47,1.3,168.0,4.9
7.59,white,13.7,0.13,0.9907,3.42,4.5,116.0,5.6
8.16,white,12.5,0.46,0.9906,3.04,5.0,29.0,7.2
5.44,white,9.1,0.31,0.99834,3.06,16.4,146.0,6.7
8.12,red,9.4,0.49,0.9975,3.27,1.9,25.0,9.0
6.35,red,9.9,0.05,0.9959,3.22,2.2,29.0,7.9
6.36,white,11.0,0.23,0.9924,3.15,4.2,119.0,5.9
7.97,white,11.7,0.3,0.9927,3.53,3.2,164.0,6.3
9.84,red,12.5,0.45,0.9948,3.35,1.9,16.0,8.9
9.25,white,12.2,0.74,0.9924,3.25,4.45,130.0,8.3
8.49,white,11.4,0.4,0.9917,3.46,1.5,107.0,6.3
6.63,white,10.4,0.32,0.994,3.27,8.7,102.0,5.5
7.62,white,11.7,0.28,0.99038,3.18,1.4,90.0,6.5
7.78,red,9.7,0.48,0.998,3.03,2.1,49.0,10.7
6.11,white,9.5,0.28,0.9952,3.3,4.9,180.0,6.6
6.25,white,9.2,0.28,0.99815,3.27,11.0,117.0,7.7
7.58,white,10.9,0.36,0.99184,3.25,2.4,77.0,5.9
5.95,white,11.0,0.35,0.99244,2.8,6.9,116.0,6.9
6.15,white,9.7,0.36,0.9946,3.15,4.9,185.0,6.3
7.82,red,12.3,0.03,0.9952,3.52,2.3,48.0,6.6
5.54,white,9.2,0.31,0.9986,3.1,14.5,193.0,7.4
7.06,white,10.8,0.28,0.9924,3.16,3.0,99.0,6.9
9.55,red,11.7,0.49,0.9972,3.22,2.8,32.0,10.9
9.18,red,12.8,0.32,0.9928,3.36,1.8,8.0,6.8
9.62,red,12.0,0.47,0.99585,3.23,2.0,11.0,10.0
7.52,white,12.1,0.34,0.9901,3.0,1.6,118.0,7.8
6.67,white,9.6,0.5,0.9955,3.2,8.3,202.0,6.3
6.44,white,10.1,0.2,0.9944,3.33,5.7,117.0,6.4
9.48,red,12.4,0.53,0.9934,3.37,2.2,35.0,6.4
5.95,white,8.6,0.42,1.0003,3.21,14.6,163.0,8.0
9.0,red,11.1,0.49,1.00315,2.92,4.2,23.0,15.6
7.87,red,10.9,0.0,0.9964,3.53,1.7,12.0,8.2
7.0,red,9.4,0.35,0.9976,3.23,2.9,127.0,8.2
7.11,white,10.1,0.24,0.995,3.65,2.3,189.0,5.7
7.66,white,13.0,0.33,0.9887,3.36,3.7,173.0,5.0
9.15,red,11.8,0.38,0.99543,3.39,2.3,72.0,8.8
8.22,white,11.3,0.49,0.9928,3.41,6.0,128.0,6.2
5.49,white,9.9,0.15,0.99378,3.24,7.1,134.0,5.2
7.35,red,11.2,0.07,0.99684,3.37,5.5,18.0,7.2
7.62,white,10.7,0.33,0.9951,3.39,6.7,155.0,7.7
8.85,red,10.7,0.39,0.9985,3.43,2.6,46.0,8.0
9.35,red,11.4,0.45,0.99774,3.22,2.0,13.0,10.4
6.81,white,9.7,0.34,0.9946,3.13,1.4,171.0,8.9
8.4,red,12.5,0.0,0.99258,4.01,1.2,46.0,5.0
7.01,red,10.0,0.24,0.9959,3.26,2.5,45.0,6.9
8.29,red,13.3,0.12,0.99252,3.3,2.1,24.0,7.1
8.23,red,11.2,0.22,0.99438,3.4,1.8,24.0,6.8
4.95,white,9.2,0.05,0.9932,3.21,1.5,120.0,6.0
8.65,red,11.0,0.41,0.99396,3.29,1.5,35.0,7.9
8.17,red,11.0,0.27,0.9964,3.39,2.6,78.0,7.2
7.01,red,10.4,0.02,0.99589,3.37,1.7,31.0,7.6
7.7,white,11.1,0.39,0.99166,3.18,1.5,106.0,7.2
7.17,white,10.4,0.44,0.9981,3.15,10.7,195.0,8.4
7.72,red,9.7,0.43,0.99708,3.33,2.6,82.0,7.4
6.97,red,10.1,0.13,0.99546,3.29,2.0,20.0,7.2
5.96,white,9.3,0.25,0.99428,3.18,3.3,124.0,6.9
7.86,white,13.6,0.3,0.99021,3.17,6.2,139.0,7.1
5.88,white,9.4,0.21,0.9927,3.12,1.0,148.0,6.9
6.09,white,9.7,0.23,0.99836,3.16,12.7,139.0,7.6
5.24,white,8.6,0.49,1.0024,2.98,23.5,235.0,6.9
8.05,white,12.4,0.26,0.98998,3.32,1.4,104.0,6.0
5.95,red,9.2,0.2,0.99892,3.2,8.1,92.0,7.5
8.14,red,10.5,0.42,0.9973,3.42,5.5,128.0,7.1
6.11,white,9.1,0.3,0.9954,3.15,1.4,176.0,9.4
8.19,red,14.0,0.0,0.9916,3.68,1.8,63.0,5.2
7.13,white,10.4,0.29,0.99232,3.23,2.0,96.0,6.8
8.71,white,10.3,0.34,0.9959,3.81,1.8,104.0,6.4
6.92,white,13.1,0.1,0.98816,3.48,2.8,111.0,4.4
7.82,red,10.9,0.19,0.99476,3.39,2.3,36.0,7.0
6.44,red,10.3,0.25,0.99721,3.33,13.4,160.0,5.9
9.93,red,12.0,0.58,0.99745,3.29,4.1,24.0,10.2
6.79,white,11.5,0.29,0.99326,3.11,9.9,146.0,6.8
6.45,red,9.5,0.04,0.99745,3.53,2.5,88.0,7.2
10.0,red,11.9,0.66,0.99642,3.2,2.4,8.0,11.3
7.85,white,12.4,0.33,0.99066,2.98,1.3,100.0,8.1
7.13,white,10.8,0.28,0.99365,3.1,2.7,150.0,8.6
7.35,white,10.0,0.4,0.9932,3.14,1.3,112.0,7.6
5.75,white,8.7,0.31,1.0,3.3,18.3,142.0,6.8
5.96,red,9.2,0.08,0.9959,3.34,1.8,89.0,7.0
4.38,white,8.7,0.3,0.99825,2.9,13.7,168.0,7.4
7.85,red,10.4,0.32,0.99628,3.24,2.7,25.0,7.5
5.51,white,9.5,0.26,0.99907,3.06,15.6,210.0,7.4
7.37,white,10.5,0.29,0.9952,3.44,6.9,163.0,7.7
7.96,white,10.8,0.33,0.9925,3.44,1.6,149.0,6.9
5.99,white,9.4,0.42,0.99556,3.12,7.3,200.0,6.8
6.3,red,9.3,0.23,0.99675,3.26,3.2,119.0,8.0
6.16,white,9.9,0.32,0.9956,3.19,8.5,186.0,7.2
5.57,white,9.5,0.26,0.99775,3.17,13.4,206.0,6.2
7.12,white,11.1,0.33,0.99268,3.25,7.4,95.0,5.6
6.59,white,9.9,0.3,0.99276,3.34,2.5,125.0,5.7
6.76,red,9.3,0.24,1.0014,3.32,6.6,134.0,8.6
6.46,white,10.2,0.22,0.99238,3.19,1.5,155.0,6.3
7.2,red,10.8,0.0,0.99639,3.38,2.6,13.0,7.7
6.16,red,9.1,0.12,0.9971,3.36,3.0,53.0,7.6
4.69,white,9.0,0.32,0.99666,2.88,12.5,156.0,6.7
7.97,white,12.7,0.3,0.9895,3.39,2.1,163.0,6.1
5.38,white,8.8,0.48,0.99803,2.97,12.4,176.5,7.5
7.37,white,10.1,0.49,0.998,3.1,11.8,137.0,9.2
5.24,white,9.5,0.33,0.9969,2.93,10.3,212.0,7.9
6.59,white,9.6,0.44,0.9955,3.14,6.6,156.0,6.8
8.53,red,9.8,0.72,0.9987,2.88,2.2,29.0,12.6
7.38,white,10.6,0.29,0.99243,3.28,1.7,100.0,7.4
7.57,red,9.5,0.39,0.99698,3.12,1.6,10.0,8.9
7.02,red,10.5,0.02,0.99538,3.36,1.7,31.0,7.5
7.57,red,11.4,0.01,0.99472,3.52,2.1,13.0,6.1
6.57,red,9.05,0.2,0.99585,3.39,1.9,23.0,6.9
7.96,white,10.4,0.44,0.99455,3.5,1.5,182.0,6.0
5.33,white,9.1,0.32,0.9969,3.17,10.3,272.0,7.1
9.4,red,11.0,0.65,0.99817,3.27,6.4,8.0,8.6
9.03,red,10.4,0.52,0.99648,3.36,1.9,23.0,8.5
8.8,red,11.5,0.29,0.9965,3.45,4.2,16.0,8.3
8.15,red,10.0,0.39,0.9976,3.17,1.9,17.0,10.2
7.26,white,12.0,0.35,0.98961,2.91,1.8,84.0,6.8
7.92,red,10.6,0.24,0.9948,3.39,1.7,34.0,6.7
8.09,white,14.0,0.31,0.98713,3.33,1.2,150.0,4.9
8.52,red,11.3,0.23,0.997,3.37,2.6,15.0,8.1
7.25,red,9.0,0.31,0.9978,3.31,1.6,42.0,7.5
5.77,white,9.3,0.31,0.9951,3.2,5.3,163.0,6.6
7.23,white,11.0,0.3,0.9927,3.27,5.7,97.0,6.3
9.59,red,10.9,0.48,0.99724,3.33,1.9,10.0,10.4
6.65,red,9.4,0.0,0.9978,3.51,1.9,34.0,7.4
7.79,white,12.4,0.38,0.98962,3.16,2.3,111.0,6.1
6.91,white,11.3,0.26,0.9911,3.34,3.3,153.0,5.8
5.07,white,9.1,0.25,1.00016,2.98,17.75,218.0,8.4
8.0,white,10.5,0.25,0.99382,3.53,1.4,107.0,7.3
7.82,red,11.5,0.05,0.9961,3.42,1.9,42.0,7.4
7.0,white,9.5,0.36,0.9956,3.25,1.8,187.0,8.6
7.48,white,10.8,0.3,0.991,3.34,1.2,107.0,6.1
6.56,white,9.3,0.56,0.9981,3.11,15.4,141.0,6.6
7.55,red,11.0,0.02,0.99627,3.54,2.4,23.0,6.6
5.81,white,9.4,0.2,0.9944,3.15,3.4,116.0,7.6
5.9,white,10.0,0.09,0.9922,3.19,1.4,145.0,6.8
7.52,white,10.6,0.3,0.9951,3.63,6.7,153.0,6.0
6.04,white,9.3,0.29,0.99658,3.18,4.3,126.0,6.2
8.04,white,11.0,0.49,0.9918,3.06,1.2,137.0,8.3
6.84,white,11.4,0.26,0.9945,3.05,9.25,142.0,8.5
6.92,red,9.3,0.23,0.99625,3.29,1.7,45.0,7.9
7.07,white,10.8,0.33,0.99118,3.04,1.0,110.0,7.0
6.65,white,11.2,0.3,0.99479,3.12,12.9,177.0,6.6
7.63,red,10.0,0.31,0.9982,3.19,2.5,49.0,9.6
7.99,white,11.7,0.4,0.9914,3.26,1.9,138.0,6.1
6.05,white,8.9,0.64,0.9978,3.12,11.8,225.0,6.5
7.84,red,9.2,0.4,0.998,3.44,2.2,52.0,8.8
6.71,white,12.6,0.24,0.98942,2.9,3.2,95.0,6.4
7.96,red,9.4,0.52,0.9998,3.18,2.8,75.0,10.3
7.48,red,10.8,0.13,0.99528,3.43,2.4,61.0,7.4
9.13,red,11.8,0.45,0.99702,3.21,6.2,14.0,10.0
5.62,white,9.5,0.31,0.9976,3.07,11.8,249.0,8.2
6.5,white,10.2,0.29,0.9939,3.16,4.4,146.0,7.6
7.72,white,11.0,0.45,0.99215,3.02,1.5,98.0,8.3
7.5,red,10.2,0.22,0.9967,3.2,2.0,27.0,8.6
4.48,white,8.7,0.3,0.99825,2.9,13.7,168.0,7.4
9.02,red,11.8,0.32,0.99456,3.38,1.8,51.0,8.5
7.86,red,11.0,0.19,0.99395,3.62,1.5,62.0,5.3
7.59,white,11.7,0.33,0.991,3.17,1.9,138.0,7.4
7.09,red,9.2,0.39,1.0026,3.12,15.5,23.0,10.6
6.63,red,9.4,0.24,0.9974,3.09,2.4,33.0,9.9
6.19,white,10.6,0.23,0.99528,3.08,14.2,99.0,6.3
7.55,white,10.5,0.29,0.9936,3.34,1.6,180.0,7.4
6.26,red,9.3,0.0,0.999,3.35,2.4,38.0,9.0
5.86,white,9.4,0.31,0.99692,3.18,10.2,170.0,6.5
8.65,red,12.8,0.33,0.99414,3.27,2.5,102.0,7.2
5.45,white,9.1,0.34,0.9986,3.07,14.4,189.0,7.1
8.16,red,9.5,0.44,0.9994,3.19,2.4,12.0,10.3
9.45,red,10.9,0.48,0.99724,3.33,1.9,10.0,10.4
8.89,red,9.9,0.65,0.9997,3.03,2.3,25.0,12.7
7.15,white,11.7,0.33,0.99057,3.2,3.5,116.0,5.8
9.02,red,10.9,0.49,0.9999,3.08,2.4,27.0,12.5
6.59,red,9.8,0.03,0.99745,3.5,2.6,92.0,7.1
5.23,white,9.4,0.17,0.99577,3.22,8.3,195.0,6.4
5.63,white,9.0,0.31,0.99475,3.18,4.1,134.0,6.5
9.06,red,10.0,0.55,0.99752,3.35,1.7,52.0,9.9
8.08,red,12.9,0.0,0.99162,3.47,1.65,12.0,6.4
8.08,white,12.0,0.35,0.99019,3.17,1.4,83.0,6.6
5.89,red,9.2,0.0,0.9968,3.49,2.1,56.0,6.6
6.05,white,9.4,0.21,0.9932,3.17,2.2,68.0,6.8
8.88,red,10.9,0.36,0.99702,3.27,1.7,14.0,9.3
7.22,white,11.5,0.26,0.99188,3.38,6.8,120.0,5.1
5.48,white,9.3,0.24,0.99922,3.19,19.95,174.0,6.1
6.99,white,10.2,0.33,0.99521,3.34,10.7,98.0,6.1
6.95,red,9.5,0.16,0.9968,3.38,1.9,35.0,7.5
7.93,red,10.0,0.24,1.0,3.28,2.7,32.0,10.0
8.68,red,10.4,0.49,0.9978,3.14,2.4,28.0,10.2
7.56,red,9.5,0.47,0.9979,3.08,2.4,29.0,8.6
4.97,white,9.1,0.31,0.99954,2.93,19.25,167.0,6.9
7.18,white,10.4,0.33,0.99695,3.35,13.8,139.0,6.5
7.0,red,10.8,0.06,0.9962,3.41,6.0,18.0,6.8
9.14,red,11.1,0.49,1.00315,2.92,4.2,23.0,15.5
6.64,white,10.5,0.27,0.99691,3.23,16.8,129.0,6.2
7.67,white,11.2,0.29,0.99036,3.26,1.1,92.0,6.1
6.85,white,10.7,0.33,0.9962,3.11,8.75,181.0,7.8
5.88,white,10.0,0.14,0.992,3.17,1.4,159.0,6.7
7.77,red,11.0,0.02,0.99892,3.48,3.4,11.0,8.3
5.54,white,10.2,0.04,0.9985,3.37,18.6,128.0,5.0
7.81,white,11.3,0.39,0.991,3.38,3.2,125.0,6.0
8.56,red,11.1,0.24,0.99648,3.6,2.5,67.0,7.3
8.12,white,11.7,0.33,0.9902,3.37,1.2,81.0,5.2
7.76,red,9.8,0.25,0.9974,3.57,1.9,49.0,6.4
5.92,white,9.4,0.43,0.9954,3.12,7.2,186.0,6.6
6.71,white,11.4,0.26,0.9945,3.05,9.25,142.0,8.5
6.23,white,9.9,0.23,0.99272,3.18,1.2,208.0,6.5
7.22,white,11.5,0.32,0.99437,3.26,14.0,99.0,5.5
5.19,white,8.9,0.4,0.9996,2.93,19.45,156.0,6.9
7.68,red,9.3,0.41,0.9988,3.09,2.3,16.0,11.3
6.58,red,9.4,0.26,0.9981,3.37,7.2,121.0,7.3
7.49,white,10.5,0.49,0.9962,3.17,9.4,149.0,7.5
7.72,red,10.0,0.12,0.9994,3.51,2.6,28.0,8.3
6.23,white,9.9,0.21,0.9928,3.18,1.5,184.0,6.6
7.75,white,10.4,0.49,0.9923,3.0,1.1,81.0,8.2
6.06,white,9.5,0.25,0.9993,3.34,17.75,161.0,6.1
7.65,white,11.1,0.26,0.99125,3.46,1.3,138.0,6.0
6.92,white,10.4,0.28,0.99347,3.24,4.4,107.0,6.9
8.05,white,12.3,0.32,0.98964,3.18,1.3,76.0,6.5
5.62,white,9.0,0.42,0.9932,3.02,1.1,197.0,5.7
6.2,red,9.7,0.0,0.9954,3.27,1.4,33.0,8.7
6.12,white,9.7,0.23,0.99898,3.18,14.8,174.0,7.5
5.59,white,9.3,0.22,0.99545,3.23,7.9,149.0,6.2
5.3,white,9.1,0.29,0.99834,3.05,14.4,118.0,6.6
7.06,white,9.5,0.58,0.9997,3.16,17.5,225.0,7.6
7.08,red,10.8,0.02,0.99557,3.36,2.6,35.0,7.5
8.0,white,13.3,0.32,0.98936,3.2,4.0,92.0,6.2
5.16,white,9.0,0.29,0.99911,3.14,19.3,174.0,6.0
7.17,white,10.3,0.41,0.99678,3.28,14.2,129.0,6.5
6.7,white,10.3,0.22,0.99527,3.22,5.2,151.0,8.1
5.55,white,8.8,0.26,1.0011,3.17,18.35,139.0,7.5
8.12,white,12.2,0.4,0.98972,3.11,1.5,87.0,6.4
6.92,red,9.9,0.0,0.9979,3.6,1.9,63.0,7.0
6.56,red,8.5,0.38,0.99914,3.15,1.6,90.0,10.0
8.04,red,9.5,0.44,0.99708,3.28,1.9,22.0,9.3
6.54,white,10.0,0.28,0.99425,3.26,7.9,82.0,6.4
7.43,red,9.2,0.49,0.9978,3.23,2.4,121.0,9.0
8.09,red,9.5,0.52,0.9969,3.25,1.6,37.0,8.7
7.71,white,11.0,0.27,0.99248,3.38,1.6,136.0,7.3
8.52,white,12.4,0.49,0.9916,3.26,4.7,105.0,7.0
6.33,red,9.8,0.02,0.9952,3.2,1.2,48.0,8.7
9.58,red,11.6,0.5,0.99643,3.22,2.4,13.0,10.1
7.33,red,11.4,0.0,0.9956,3.39,2.1,55.0,7.0
5.33,white,9.9,0.04,0.9964,3.28,12.6,115.0,5.7
8.08,white,12.9,0.54,0.98976,3.27,5.7,155.0,5.0
8.11,red,10.5,0.42,0.9973,3.42,5.5,129.0,7.1
8.27,white,10.3,0.36,0.996,3.6,2.4,123.0,7.6
9.88,red,12.5,0.57,0.99652,3.28,4.6,20.0,9.1
7.13,red,9.5,0.17,0.9978,3.4,2.6,38.0,7.9
5.03,white,9.0,0.29,0.99911,3.14,19.3,174.0,6.0
7.02,white,11.7,0.22,0.9956,3.32,12.7,183.0,5.8
4.89,red,9.2,0.03,0.99592,3.02,4.1,46.0,7.5
8.94,red,10.4,0.49,0.9969,3.13,1.4,6.0,12.2
5.58,white,8.8,0.32,0.99975,3.12,13.4,169.0,8.7
7.41,white,10.7,0.35,0.99178,3.18,1.6,148.0,7.3
8.26,red,10.9,0.34,0.9974,3.22,5.1,22.0,8.2
9.05,red,11.7,0.41,0.99523,3.27,2.0,24.0,9.1
7.82,red,12.7,0.37,0.99007,2.89,0.9,109.0,8.0
7.62,white,10.3,0.44,0.9932,3.11,1.4,109.0,7.6
7.07,white,12.5,0.29,0.98916,3.04,2.9,101.0,6.6
8.59,red,11.2,0.36,0.99419,3.27,1.9,10.0,7.9
7.14,white,13.2,0.24,0.98882,2.98,2.1,121.0,6.9
8.2,white,10.7,0.43,0.99346,3.27,1.6,65.0,6.8
6.99,white,10.0,0.19,0.99265,3.54,1.6,88.0,5.4
6.65,white,9.7,0.26,0.99802,3.42,12.6,182.0,6.7
7.15,red,11.0,0.08,0.99336,3.38,1.8,45.0,6.1
7.98,white,11.4,0.37,0.99128,3.08,1.0,80.0,7.8
6.32,red,9.8,0.04,0.997,3.26,2.3,54.0,7.8
5.12,white,8.9,0.2,0.99862,3.22,16.0,113.0,5.7
7.84,white,11.2,0.37,0.99185,3.32,1.2,148.0,6.0
8.7,red,13.1,0.15,0.9934,3.9,2.1,65.0,4.6
7.1,white,10.2,0.44,0.9958,3.12,8.3,142.0,7.6
5.99,red,9.3,0.18,0.9951,3.08,1.5,50.0,7.0
8.4,white,12.3,0.49,0.9903,3.13,3.0,96.0,7.1
7.01,white,9.5,0.74,0.9972,3.18,13.3,224.0,6.5
9.18,white,12.2,0.74,0.9942,3.26,12.8,126.0,7.0
8.95,red,9.7,0.5,0.9997,3.5,2.3,71.0,9.6
8.11,red,12.7,0.03,0.995,3.61,3.2,58.0,6.4
5.21,white,9.3,0.21,0.99657,3.03,10.7,91.0,7.0
6.88,white,11.8,0.27,0.99058,3.1,5.0,97.0,5.9
5.89,white,11.1,0.21,0.99244,2.92,6.55,143.0,7.5
6.15,white,10.0,0.39,0.99616,3.05,11.1,204.0,7.1
4.42,white,9.4,0.14,0.99396,2.93,4.4,168.0,6.6
7.5,white,12.5,0.37,0.99076,3.25,6.2,133.0,5.2
6.15,white,9.0,0.47,0.99872,3.18,15.6,173.0,6.6
6.5,white,8.8,0.43,1.0008,3.28,15.0,184.0,8.8
7.69,red,10.2,0.24,0.9988,3.14,2.2,28.0,9.6
5.96,white,9.6,0.25,0.99767,3.19,15.0,120.0,6.2
5.9,white,8.8,0.42,0.9999,3.22,18.05,144.0,7.0
9.51,red,11.3,0.52,0.99568,3.31,2.1,10.0,9.0
7.45,white,11.2,0.18,0.99164,3.27,1.4,90.0,6.8
6.91,white,10.5,0.26,0.9923,3.08,1.6,87.0,7.0
8.68,red,10.8,0.36,0.99704,3.27,1.8,17.0,9.3
6.6,red,9.2,0.26,0.99668,3.26,3.8,67.0,7.8
7.07,red,9.5,0.22,0.9983,3.37,2.4,86.0,8.3
6.33,red,9.2,0.25,0.9957,3.38,1.8,50.0,5.2
6.79,white,9.2,0.56,0.99354,3.1,1.7,106.0,6.4
7.77,red,10.3,0.23,0.9994,3.22,2.7,48.0,10.4
7.37,red,10.8,0.1,0.99448,3.44,2.1,11.0,6.2
6.7,white,10.8,0.16,0.99564,3.4,12.55,115.0,5.6
6.0,white,11.0,0.3,0.99252,2.91,7.3,104.0,6.0
8.12,white,13.7,0.32,0.98906,3.25,4.5,94.0,5.8
7.68,red,10.3,0.17,0.9961,3.4,2.4,18.0,6.9
7.49,white,11.1,0.46,0.99127,2.97,1.3,111.0,7.2
6.66,red,9.5,0.1,0.99803,3.29,2.9,40.0,8.3
5.4,white,9.0,0.43,0.9956,3.1,7.8,244.0,6.2
9.63,red,11.8,0.5,0.9979,3.26,3.4,21.0,10.0
9.09,white,12.7,0.32,0.99096,3.59,1.7,84.0,6.6
7.06,red,10.8,0.0,0.99522,3.42,2.2,44.0,7.1
6.48,red,9.4,0.26,0.9982,3.37,7.3,121.0,7.4
6.07,white,9.2,0.36,0.9933,3.04,1.2,127.0,6.8
8.2,white,9.4,0.49,0.9965,3.65,1.6,166.0,6.9
7.15,white,11.3,0.33,0.99014,3.13,2.5,85.0,6.0
8.79,red,10.5,0.4,0.99603,3.39,1.7,20.0,8.4
5.93,white,9.4,0.4,0.99582,3.18,10.0,227.0,6.5
8.28,red,9.7,0.49,0.9987,3.35,2.6,75.0,9.0
5.83,white,9.4,0.25,0.995,3.28,5.8,155.0,6.3
7.84,white,12.0,0.23,0.99021,3.36,1.5,93.0,5.9
7.21,red,9.6,0.06,0.99845,3.68,2.1,33.0,6.9
6.64,white,10.4,0.35,0.99212,2.97,1.4,128.0,7.1
8.21,red,9.4,0.76,0.9968,3.06,1.8,45.0,7.7
4.99,white,9.1,0.27,1.00014,3.02,17.5,253.0,8.3
7.55,white,12.9,0.29,0.989,3.12,1.95,166.0,6.5
9.34,red,11.5,0.39,0.9989,3.37,3.2,59.0,9.8
5.67,white,9.7,0.28,0.99485,3.14,7.5,197.0,6.2
5.21,white,9.7,0.2,0.99604,2.96,11.4,131.0,6.6
6.8,red,9.4,0.28,0.9979,3.24,2.4,147.0,9.6
7.07,red,10.8,0.02,0.99557,3.36,2.6,35.0,7.5
5.46,white,9.0,0.39,0.9999,2.97,18.95,155.0,7.2
7.93,red,9.6,0.57,0.9971,3.04,3.4,10.0,10.2
7.24,white,12.0,0.27,0.9922,3.01,4.7,92.0,8.5
7.85,red,11.5,0.09,0.99479,3.43,2.0,16.0,7.0
7.87,white,9.9,0.74,0.9945,3.21,5.0,157.0,6.7
5.81,white,9.0,0.25,0.99758,3.3,12.5,134.0,6.2
8.03,red,11.3,0.15,0.9954,3.42,1.8,20.0,6.8
6.57,white,10.1,0.26,0.99622,3.38,6.85,220.0,7.0
6.81,red,9.5,0.22,0.9961,3.31,1.9,94.0,7.7
8.21,white,12.0,0.33,0.991,3.34,1.9,93.0,6.5
8.38,red,10.5,0.34,0.99667,3.2,1.6,12.0,9.2
5.79,white,9.3,0.28,0.99748,3.24,10.4,205.0,7.6
7.87,red,9.8,0.21,0.99689,3.59,1.8,31.0,6.4
7.95,white,11.9,0.36,0.99085,3.25,2.1,177.0,7.3
6.93,red,10.6,0.02,0.99492,3.35,1.9,28.0,7.0
7.8,white,10.2,0.49,0.9987,3.31,10.4,195.0,9.0
6.85,red,9.7,0.18,0.99739,3.2,2.5,48.0,8.9
5.13,white,9.0,0.28,0.9986,3.12,14.4,205.0,7.2
10.0,red,14.9,0.65,0.9976,2.98,7.5,71.0,15.9
9.5,red,11.0,0.59,0.9988,3.18,2.6,49.0,11.5
7.59,white,12.6,0.28,0.99148,3.16,6.5,97.0,7.3
7.56,white,10.8,0.49,0.9944,3.14,7.1,124.0,8.1
6.42,red,9.4,0.0,0.99768,3.44,2.3,27.0,7.1
8.69,red,11.3,0.4,0.996,3.33,2.2,67.0,7.9
7.84,white,11.5,0.29,0.9906,3.3,1.0,122.0,6.4
6.51,red,9.5,0.03,0.99587,3.34,1.8,12.0,7.2
6.82,white,10.3,0.46,0.99709,3.03,14.7,151.0,7.6
9.38,red,11.3,0.58,0.997,3.19,3.7,16.0,10.4
5.19,white,8.9,0.31,0.9962,3.13,7.6,177.0,7.4
6.59,red,9.4,0.0,0.9966,3.56,1.6,18.0,6.2
7.2,white,11.6,0.34,0.98981,3.04,2.0,73.0,5.6
7.29,white,13.0,0.25,0.98959,2.98,3.4,99.0,7.8
4.97,white,8.9,0.42,0.9979,2.89,14.0,198.0,7.4
7.15,white,10.5,0.32,0.9966,3.23,10.4,114.0,7.2
7.53,white,11.75,0.41,0.99018,3.04,1.3,118.0,6.0
7.64,red,9.3,0.33,0.9978,3.24,1.3,30.0,9.1
6.27,red,9.2,0.25,0.99668,3.19,3.4,85.0,8.0
7.47,red,10.2,0.24,0.99613,3.25,2.3,28.0,8.2
6.0,white,8.8,0.42,0.9999,3.22,18.05,144.0,7.0
6.8,white,11.1,0.29,0.99237,3.1,3.9,140.0,6.4
5.67,white,10.3,0.24,0.99334,2.92,5.6,120.0,7.2
8.96,red,13.1,0.34,0.99235,3.2,2.5,17.0,7.9
7.24,red,9.2,0.45,0.9988,2.94,2.0,15.0,11.3
7.07,red,9.8,0.26,0.99612,3.3,1.9,88.0,7.5
8.47,red,10.5,0.49,0.9976,3.05,2.6,13.0,10.2
7.66,red,10.5,0.3,0.99725,3.25,2.2,105.0,6.9
7.12,red,9.5,0.21,0.9968,3.2,1.7,13.0,8.2
6.63,white,10.7,0.28,0.992,3.35,4.2,158.0,5.8
9.75,red,10.8,0.66,0.9996,3.18,3.0,30.0,12.0
5.92,white,10.5,0.26,0.99523,3.02,11.7,152.0,6.8
6.4,white,10.4,0.28,0.9954,3.25,8.7,222.0,7.0
7.26,red,9.2,0.26,0.9981,3.41,2.0,48.0,7.8
7.93,white,11.9,0.33,0.98975,3.3,1.6,59.0,5.2
8.25,red,9.4,0.6,0.9986,3.04,2.2,18.0,10.6
7.15,red,9.0,0.25,0.9984,3.43,1.9,38.0,7.8
7.5,white,11.8,0.3,0.9927,3.28,4.2,213.0,7.0
7.26,red,9.5,0.26,0.9968,3.4,1.8,75.0,7.2
4.97,white,9.0,0.27,0.9967,3.05,10.7,154.0,6.8
6.2,white,9.8,0.26,0.9942,3.05,2.1,143.0,7.9
6.46,white,9.7,0.24,0.9956,3.21,6.0,77.0,7.1
7.72,white,11.3,0.35,0.99146,3.22,2.6,78.0,6.6
8.24,red,11.2,0.22,0.99438,3.4,1.8,24.0,6.8
8.14,white,12.1,0.3,0.9909,3.33,2.1,158.0,7.2
6.58,white,11.0,0.26,0.9928,3.15,6.8,93.0,6.0
7.75,white,10.5,0.35,0.992,3.13,0.9,74.0,8.3
7.69,white,10.2,0.44,0.993,3.32,1.6,140.0,6.6
7.22,white,12.4,0.23,0.9896,3.1,3.3,99.0,6.8
6.42,white,10.5,0.28,0.9926,3.05,1.6,169.0,7.1
8.0,red,10.1,0.43,0.9984,3.08,2.9,88.0,10.6
6.82,white,11.5,0.37,0.99206,2.98,7.0,107.0,6.8
6.98,white,10.5,0.33,0.99144,3.08,3.6,45.0,6.7
7.51,red,10.6,0.09,0.9976,3.34,2.5,49.0,8.7
7.53,white,11.4,0.24,0.993,3.23,1.8,121.0,6.9
6.86,white,10.4,0.31,0.99587,3.31,7.4,211.0,7.1
7.81,white,12.1,0.34,0.99111,3.28,3.6,121.0,6.5
6.69,red,9.7,0.26,0.99636,3.26,1.9,147.0,7.7
5.74,red,9.2,0.08,0.9959,3.28,1.8,65.0,6.7
7.53,white,12.0,0.32,0.9903,2.96,1.3,76.0,7.6
8.09,white,11.2,0.45,0.992,3.55,3.8,128.0,5.2
6.57,white,10.9,0.28,0.99406,3.11,9.8,113.0,6.8
6.66,white,10.7,0.27,0.9941,3.25,9.0,136.0,5.9
8.11,white,11.0,0.31,0.99158,3.49,1.2,117.0,6.3
6.66,white,9.6,0.3,0.9978,3.39,9.6,185.0,6.9
6.45,white,9.5,0.28,0.9952,3.26,2.7,165.0,8.0
7.65,white,12.6,0.32,0.98956,3.45,4.5,178.0,5.0
7.78,white,10.4,0.36,0.99202,3.43,1.3,70.0,5.8
7.17,white,11.8,0.29,0.9918,3.06,5.3,117.0,7.9
4.72,white,9.9,0.0,0.9937,3.35,6.5,163.0,4.8
8.04,red,12.9,0.18,0.9924,3.46,2.1,101.0,5.1
6.7,white,10.1,0.3,0.99249,2.95,0.9,109.0,8.6
6.55,red,9.5,0.08,0.9967,3.32,1.9,27.0,7.7
5.21,white,8.8,0.5,0.99941,2.94,18.1,221.0,6.5
6.93,red,9.4,0.33,0.9968,3.25,2.0,120.0,7.8
7.73,white,10.2,0.49,0.998,3.17,7.3,146.0,9.3
6.67,red,9.4,0.15,0.9955,3.42,1.8,19.0,6.1
7.34,red,10.1,0.1,0.9986,3.23,2.1,31.0,9.5
10.0,red,10.8,0.74,0.9994,3.2,2.6,28.0,12.8
7.64,white,9.2,0.81,0.9932,3.03,1.1,123.0,6.9
9.56,red,10.8,0.69,0.9994,3.1,2.8,35.0,11.9
5.31,white,9.5,0.29,0.99784,3.0,13.65,189.0,6.9
6.42,white,9.5,0.52,0.99551,3.16,7.9,192.0,6.5
7.47,white,11.2,0.35,0.99138,3.09,1.2,140.0,7.8
6.58,white,9.0,0.32,0.9992,3.6,12.0,158.0,6.4
5.67,white,10.1,0.21,0.99658,3.11,15.55,142.0,6.0
6.72,red,9.5,0.1,0.99888,3.31,3.0,48.0,9.2
6.93,red,9.5,0.33,0.99655,3.3,2.4,144.0,7.8
5.47,white,8.9,0.26,0.9972,3.3,12.4,147.0,6.0
6.8,white,11.9,0.31,0.99176,3.02,6.9,121.0,6.8
8.13,red,11.2,0.27,0.99516,3.18,2.3,28.0,8.6
6.96,red,10.1,0.25,0.9963,3.04,2.0,89.0,9.9
7.05,white,9.7,0.42,0.9927,3.12,1.1,101.0,6.5
7.97,white,11.0,0.36,0.9928,3.25,1.6,124.0,7.9
9.15,white,12.4,0.5,0.9918,3.21,1.2,107.0,9.0
7.81,red,10.1,0.34,0.99796,3.26,2.6,88.0,9.7
7.1,white,9.5,0.46,0.996,3.14,3.2,133.0,9.2
7.61,white,10.6,0.49,0.9952,3.18,5.2,152.0,7.9
8.16,white,10.3,0.67,0.99244,3.06,1.5,98.0,6.8
8.29,white,10.8,0.49,0.9946,3.56,5.4,164.0,6.4
5.92,red,9.2,0.19,0.9986,3.17,3.9,148.0,8.9
5.84,red,9.2,0.14,0.99669,3.32,3.9,73.0,6.4
9.17,red,11.9,0.4,0.99512,3.27,2.2,6.0,8.6
8.96,red,10.3,0.39,0.9986,3.37,2.3,22.0,8.9
5.28,white,9.2,0.26,0.99587,3.12,7.2,207.0,7.3
4.91,white,9.0,0.13,0.99772,3.24,12.8,158.0,6.6
5.59,white,9.2,0.27,0.9936,3.1,2.4,149.0,7.2
5.53,white,9.2,0.25,0.99828,3.15,17.3,110.0,6.5
6.07,white,9.3,0.47,0.9978,3.1,13.6,197.0,7.1
6.35,red,9.6,0.0,0.9986,3.4,5.5,18.0,7.8
9.2,red,10.8,0.55,0.9986,3.11,2.1,19.0,11.8
6.42,white,9.6,0.51,0.9976,3.07,13.6,168.0,7.0
7.18,white,12.0,0.31,0.99094,3.03,2.4,143.0,7.4
8.4,red,10.0,0.49,0.9992,3.19,3.2,78.0,10.6
9.46,red,10.9,0.56,0.99925,3.14,2.1,24.0,12.0
6.55,white,9.4,0.49,0.99855,3.1,13.6,166.0,8.2
6.46,red,9.3,0.26,0.9968,3.11,1.6,88.0,7.6
6.47,red,10.1,0.03,0.995,3.35,1.8,99.0,7.5
6.15,white,8.7,0.49,0.9997,3.28,18.15,158.0,6.6
5.2,white,9.7,0.07,0.9944,3.34,7.0,147.0,5.4
6.33,white,10.0,0.16,0.9949,3.46,7.0,116.0,5.8
6.38,red,9.6,0.04,0.9976,3.22,2.0,22.0,8.4
6.88,white,10.3,0.25,0.99256,3.3,1.6,143.0,6.7
6.77,white,9.8,0.24,0.9982,3.44,14.0,113.0,6.5
6.75,white,11.0,0.41,0.9937,3.09,10.8,149.0,6.0
5.58,white,9.5,0.02,0.99234,3.24,0.9,81.0,6.2
6.87,white,8.9,0.54,0.9932,3.23,1.4,110.0,6.2
8.13,white,11.0,0.49,0.9927,3.25,1.4,164.0,6.9
5.45,white,9.5,0.19,0.99438,3.26,7.1,110.0,5.4
7.66,white,10.2,0.35,0.9934,3.43,1.5,141.0,6.6
7.73,white,12.8,0.34,0.98915,3.22,2.4,97.0,5.6
6.4,red,9.4,0.29,0.99642,3.16,4.3,64.0,7.8
6.57,white,9.6,0.29,0.9965,3.43,7.5,158.0,7.3
7.39,red,9.5,0.29,0.9973,3.3,1.8,44.0,7.9
7.32,red,10.2,0.1,0.99631,3.6,2.8,28.0,6.1
6.79,white,9.2,0.32,0.998,3.54,12.4,106.0,6.7
5.25,white,9.2,0.32,0.998,3.0,14.6,201.0,7.6
8.95,red,11.8,0.4,0.99474,3.26,2.2,20.0,7.5
8.36,red,9.4,0.45,0.9991,3.39,2.3,40.0,9.9
8.05,white,12.1,0.36,0.9891,3.23,1.3,78.0,5.1
7.05,red,9.3,0.41,0.9998,3.27,7.9,109.0,8.9
7.82,red,9.3,0.68,0.99632,3.02,1.8,56.0,8.6
6.99,red,10.7,0.01,0.9955,3.42,2.3,43.0,7.1
8.4,red,9.8,0.56,0.998,3.16,1.9,60.0,11.2
6.97,red,9.6,0.15,0.9972,3.31,1.9,42.0,8.3
7.64,red,9.2,0.48,0.9972,3.34,2.0,67.0,7.4
6.38,white,9.9,0.26,0.9926,3.04,1.3,71.0,7.1
4.65,white,8.8,0.27,0.99807,2.94,13.9,155.0,7.3
9.6,red,12.0,0.45,0.99617,3.33,2.4,59.0,8.7
7.77,white,11.0,0.29,0.9914,3.34,1.1,124.0,6.6
6.7,red,9.5,0.21,0.9964,3.27,1.9,102.0,7.9
7.08,white,10.1,0.29,0.9926,3.19,1.2,97.0,7.3
6.81,white,9.5,0.32,0.994,3.14,1.5,101.0,8.2
6.93,red,10.7,0.0,0.995,3.54,2.1,54.0,6.0
6.45,white,10.7,0.35,0.99546,3.0,13.5,118.0,6.9
7.72,white,11.6,0.4,0.9901,3.22,1.3,147.0,5.6
5.39,white,9.1,0.3,0.9986,3.14,12.8,229.0,7.4
6.85,white,10.1,0.3,0.99352,3.33,5.2,113.0,6.7
7.97,red,10.3,0.32,0.9974,3.31,2.8,58.0,7.8
8.08,white,10.6,0.4,0.9928,3.42,1.2,156.0,7.1
6.43,white,9.9,0.29,0.994,3.14,4.8,87.0,7.5
7.95,red,9.5,0.38,0.9968,3.41,1.7,30.0,7.4
6.72,white,9.8,0.51,0.9929,3.08,2.2,154.0,6.1
6.33,white,10.8,0.25,0.99362,3.06,8.0,124.0,6.6
7.03,red,9.0,0.24,0.9991,3.32,2.5,15.0,8.7
6.46,white,10.3,0.28,0.9949,3.13,9.3,141.0,7.1
8.67,red,11.2,0.33,0.9957,3.3,2.5,23.0,7.6
8.09,white,12.0,0.41,0.99052,3.25,2.9,122.0,6.7
7.68,white,12.8,0.32,0.98954,3.1,3.0,75.0,6.6
6.83,white,9.4,0.26,0.9949,3.55,1.55,216.0,6.7
9.25,red,12.4,0.44,0.99328,3.35,2.5,31.0,7.1
8.05,white,12.6,0.47,0.991,3.03,5.1,65.0,7.2
7.85,white,10.5,0.49,0.993,3.16,1.6,144.0,7.9
7.09,white,10.5,0.21,0.9928,3.42,1.9,122.0,6.0
6.04,red,9.4,0.0,0.99659,3.26,1.7,17.0,7.8
6.9,red,9.1,0.49,0.9982,3.08,2.6,106.0,9.1
6.2,red,9.5,0.0,0.9976,3.46,3.9,45.0,7.1
6.16,red,9.5,0.21,0.99341,3.32,1.7,135.0,5.9
6.49,red,9.5,0.19,0.9962,3.33,2.1,105.0,7.8
6.1,white,9.3,0.38,0.9983,3.18,14.9,181.0,7.0
7.7,white,12.6,0.19,0.9898,3.32,1.7,110.0,6.0
6.96,white,11.0,0.28,0.99308,3.36,8.3,107.0,5.1
8.56,red,9.9,0.55,0.9996,3.15,3.2,54.0,10.4
6.68,white,11.45,0.28,0.99188,3.15,6.6,132.0,6.1
8.58,red,11.1,0.35,0.99622,3.23,2.1,38.0,9.6
9.25,white,12.4,0.73,0.99,3.12,2.2,92.0,6.6
5.96,white,9.2,0.45,0.9974,3.2,13.0,182.0,6.3
7.36,white,10.2,0.29,0.9938,3.32,2.2,77.0,6.8
7.92,white,13.0,0.26,0.98952,3.24,2.7,129.0,6.6
7.71,white,10.5,0.49,0.992,2.96,1.0,56.0,8.8
5.61,white,9.6,0.22,0.99696,3.08,10.0,131.0,6.9
6.59,red,9.5,0.23,0.99686,3.21,2.3,94.0,7.9
6.99,red,10.1,0.06,0.99697,3.39,2.0,41.0,7.7
8.59,red,10.3,0.47,0.99695,3.22,1.4,24.0,9.6
7.67,red,9.7,0.28,1.0001,3.31,3.2,72.0,9.4
7.75,red,10.0,0.32,0.99728,3.3,2.1,54.0,7.3
4.83,white,8.8,0.2,0.9991,3.14,17.9,161.0,6.3
7.14,white,11.4,0.4,0.99177,3.03,2.2,201.0,7.1
8.9,red,11.4,0.39,0.9947,3.19,1.4,7.0,9.8
5.97,white,9.4,0.41,0.99558,3.14,7.0,194.0,6.6
8.9,red,11.1,0.45,0.99498,3.18,1.5,37.0,9.3
7.58,red,9.4,0.38,0.99666,3.2,1.5,18.0,8.6
4.79,white,8.8,0.24,0.998,3.1,13.1,204.0,7.1
7.67,white,12.7,0.24,0.9906,3.28,4.7,77.0,5.6
6.83,red,10.2,0.08,0.99484,3.5,1.9,31.0,5.4
6.78,red,10.0,0.04,0.99647,3.46,2.2,26.0,6.0
8.0,white,13.1,0.34,0.98774,3.32,1.1,158.0,5.0
4.61,white,8.9,0.16,0.99902,3.13,14.9,240.0,7.3
8.74,red,11.1,0.4,0.9941,3.28,1.8,20.0,7.9
7.16,white,11.2,0.33,0.99136,3.18,3.5,92.0,6.5
7.21,white,11.0,0.49,0.994,2.99,9.3,132.0,7.4
6.23,white,9.1,0.2,0.99336,3.32,1.0,112.0,6.6
7.67,red,12.7,0.0,0.99318,3.35,2.4,11.0,7.1
7.01,white,9.9,0.56,0.99605,3.13,9.7,170.0,7.5
6.66,white,11.0,0.26,0.9928,3.15,6.8,93.0,6.0
8.31,white,11.9,0.3,0.9962,3.74,10.0,212.0,6.3
4.7,white,8.7,0.15,0.99354,3.14,1.3,154.0,6.0
7.24,red,9.5,0.34,0.9982,3.26,2.7,122.0,8.8
6.18,white,10.2,0.28,0.99532,3.14,9.8,125.0,6.1
6.04,white,9.3,0.4,0.9953,3.15,6.2,169.0,6.4
8.35,white,12.9,0.34,0.99,3.24,2.0,111.0,6.8
7.29,white,10.0,0.22,0.99296,3.74,1.3,155.0,5.6
10.0,red,11.9,0.66,0.99642,3.2,2.4,8.0,11.3
8.22,white,12.4,0.45,0.98998,3.25,2.9,94.0,6.2
8.06,white,12.6,0.39,0.991,3.09,1.8,180.0,7.8
6.42,white,9.2,0.51,0.99604,3.22,8.0,189.0,6.6
7.23,white,10.8,0.3,0.9939,3.24,6.1,120.0,7.0
8.04,white,11.5,0.33,0.99114,3.36,1.4,138.0,6.5
7.84,red,11.3,0.09,0.99402,3.54,1.7,32.0,6.2
7.68,white,11.3,0.49,0.9955,3.14,13.0,158.0,7.8
7.22,white,11.4,0.36,0.99056,3.05,1.9,110.0,6.6
7.46,white,9.7,0.38,0.993,3.47,1.5,117.0,6.2
5.38,white,9.5,0.27,0.9956,2.95,8.6,111.0,7.1
8.07,white,12.4,0.35,0.98962,3.19,1.8,105.0,6.6
7.46,white,13.0,0.29,0.98889,2.96,1.8,74.0,7.3
8.16,red,10.5,0.19,0.99655,3.49,1.8,34.0,7.4
5.99,white,9.5,0.24,0.9955,3.37,4.55,211.0,6.8
6.96,red,9.8,0.27,0.99616,3.26,2.0,91.0,7.5
7.52,red,9.8,0.32,0.99656,3.27,2.1,74.0,8.0
6.47,white,9.633333333,0.23,0.99266,3.3,1.1,148.0,6.0
7.97,white,12.5,0.3,0.98952,3.32,1.5,114.0,5.8
6.56,white,9.4,0.32,0.9954,3.19,1.5,200.0,8.9
6.02,white,9.55,0.4,0.99494,3.15,8.1,170.0,6.6
8.41,white,12.1,0.49,0.99,3.13,1.2,126.0,6.8
8.08,white,11.5,0.31,0.99084,3.38,1.2,138.0,6.4
7.93,red,9.5,0.35,0.9987,3.38,2.4,78.0,9.1
6.8,red,9.6,0.22,0.99678,3.26,2.2,89.0,8.1
5.86,white,8.8,0.5,0.9972,3.15,11.6,153.0,6.4
8.58,white,12.7,0.36,0.9898,3.26,1.4,87.0,7.1
6.75,red,9.25,0.21,0.99842,3.53,4.1,65.0,6.9
8.58,white,11.5,0.57,0.99004,3.17,1.0,92.0,6.2
6.75,white,9.6,0.47,0.99309,3.24,1.4,210.0,6.1
6.62,red,10.4,0.03,0.99545,3.36,2.3,31.0,6.8
7.36,red,10.1,0.25,0.99464,3.36,1.8,28.0,6.1
8.34,red,9.4,0.51,0.9982,3.2,1.7,24.0,10.5
8.04,red,11.9,0.4,0.9912,3.25,1.4,165.0,6.1
7.4,red,9.6,0.25,0.99769,3.27,2.0,21.0,9.0
6.44,white,10.0,0.28,0.99425,3.26,7.9,82.0,6.4
7.03,white,9.8,0.3,0.9942,3.22,1.6,130.0,8.7
6.9,white,9.8,0.33,0.998,3.42,12.8,169.0,6.9
9.3,red,10.6,0.55,0.9971,3.26,2.1,14.0,9.9
9.07,red,12.8,0.32,0.9928,3.36,1.8,8.0,6.8
8.29,red,11.3,0.32,0.9947,3.23,2.0,28.0,7.2
9.01,red,11.9,0.41,0.99604,3.13,2.4,10.0,9.0
6.06,white,10.3,0.18,0.99207,3.24,2.3,145.0,5.4
6.3,red,9.6,0.08,0.9971,3.24,2.5,46.0,7.7
7.74,white,12.3,0.3,0.99165,3.36,4.7,148.0,6.9
5.65,white,9.5,0.3,0.99728,3.1,12.4,152.0,6.2
5.94,white,9.2,0.49,0.9984,3.01,11.3,221.0,7.6
5.06,red,9.5,0.0,0.99558,3.2,4.3,77.5,6.6
6.77,white,10.4,0.31,0.99587,3.31,6.85,211.0,7.1
7.56,red,9.3,0.44,0.9986,3.12,3.6,19.0,11.4
6.32,white,9.5,0.51,0.9982,3.06,14.8,204.0,7.5
6.81,red,9.4,0.26,0.9978,3.28,2.4,143.0,9.4
7.15,white,11.7,0.29,0.99088,3.01,2.4,76.0,6.9
8.46,red,11.3,0.23,0.997,3.37,2.6,15.0,8.1
7.04,white,10.8,0.34,0.99526,3.22,11.6,140.0,6.6
8.09,white,9.5,0.81,0.9936,3.08,1.2,74.0,6.5
5.92,white,9.6,0.33,0.99692,3.07,10.4,194.0,7.8
7.18,red,10.5,0.02,0.99538,3.36,1.7,31.0,7.5
7.21,white,10.5,0.32,0.99236,3.06,1.2,72.0,7.6
7.06,white,9.2,0.73,0.99582,3.21,7.2,202.0,6.2
6.98,white,9.8,0.27,0.99218,3.3,0.7,68.0,5.2
5.99,white,9.9,0.26,0.9961,3.14,12.0,170.0,6.3
7.49,red,11.2,0.0,0.99437,3.59,2.0,24.0,6.3
7.73,white,12.1,0.39,0.99286,3.18,9.6,124.0,6.8
7.49,red,10.0,0.24,0.99685,3.35,2.8,62.0,8.0
7.41,white,10.5,0.38,0.9954,3.34,8.3,162.0,6.9
7.04,red,9.9,0.0,0.9976,3.62,1.8,52.0,6.8
6.97,white,11.3,0.25,0.9915,3.24,3.1,188.0,6.6
6.2,white,9.8,0.4,0.99513,3.14,6.4,191.0,6.4
6.37,white,9.4,0.32,0.9962,3.4,9.6,162.0,7.1
7.86,white,12.5,0.3,0.99028,3.25,3.8,88.0,6.5
9.37,red,11.6,0.42,0.99526,3.39,2.0,21.0,7.8
6.42,white,9.1,0.42,0.9996,3.29,14.2,182.0,7.3
6.22,white,9.4,0.53,0.9986,2.94,15.1,136.0,6.6
7.93,white,11.0,0.32,0.99185,3.37,2.0,90.0,6.5
9.14,red,10.3,0.54,0.99719,3.33,2.1,9.0,7.2
6.81,white,9.6,0.35,0.9998,3.27,15.3,117.0,7.7
7.76,red,9.5,0.41,0.9982,3.21,2.3,61.0,9.9
9.64,red,11.8,0.56,0.99471,3.16,1.4,8.0,10.3
8.41,white,11.2,0.49,0.9917,3.23,1.2,150.0,7.4
6.42,red,9.3,0.0,0.9969,3.48,2.2,22.0,7.1
5.55,red,9.1,0.15,0.99786,3.14,3.7,94.0,7.5
7.5,red,11.8,0.01,0.99371,3.41,2.1,43.0,7.7
6.87,white,10.4,0.24,0.9952,3.35,7.2,137.0,6.6
6.58,white,9.9,0.26,0.9936,3.18,1.6,150.0,7.4
7.68,red,11.3,0.09,0.99444,3.42,2.2,18.0,6.6
7.49,white,12.8,0.29,0.98944,3.22,3.1,144.0,6.0
7.84,white,10.9,0.3,0.99225,3.39,2.0,92.0,5.9
5.35,white,9.0,0.24,0.9951,3.25,5.4,126.0,6.0
6.85,red,9.2,0.51,0.99623,3.0,1.7,66.0,8.7
8.16,white,11.6,0.49,0.9919,3.27,4.5,90.0,6.2
6.01,white,10.5,0.25,0.99314,3.44,2.9,440.0,6.1
9.53,red,11.2,0.64,0.99494,3.34,2.1,52.0,6.7
7.75,red,10.5,0.21,0.99532,3.34,1.9,41.0,8.0
6.29,white,11.9,0.04,0.9906,3.14,2.5,111.0,6.6
5.02,white,9.7,0.13,0.9996,2.96,17.2,219.0,8.0
9.65,red,11.4,0.57,0.99605,3.36,2.3,12.0,7.5
6.52,white,10.4,0.26,0.99608,3.13,9.6,134.0,7.4
7.4,red,9.2,0.36,0.9972,3.48,2.0,45.0,7.2
7.27,white,10.2,0.36,0.9972,3.49,6.8,234.0,7.1
6.67,white,12.1,0.04,0.9894,3.36,1.4,119.0,5.2
7.71,red,11.3,0.07,0.99572,3.38,2.5,21.0,7.0
8.06,white,13.1,0.38,0.98968,3.24,4.8,101.0,6.0
5.45,white,9.0,0.43,0.9957,3.12,7.5,243.0,6.1
8.34,red,10.0,0.3,0.99672,3.61,1.8,20.0,7.0
5.37,white,9.3,0.25,0.99946,3.13,18.4,182.0,6.2
7.76,white,12.7,0.31,0.9898,3.16,2.7,136.0,7.0
6.29,white,10.8,0.25,0.99362,3.06,8.0,124.0,6.6
7.6,white,12.9,0.32,0.99188,3.13,9.0,113.0,6.7
8.57,red,10.8,0.43,0.99728,3.16,2.2,37.0,10.2
6.6,white,10.8,0.31,0.99326,3.08,6.3,131.0,6.9
5.55,white,9.2,0.26,0.99416,3.15,5.1,119.0,6.0
7.89,red,12.0,0.27,0.99384,3.21,2.8,44.0,6.5
5.66,white,9.4,0.21,0.99595,3.22,7.2,190.0,6.9
6.45,white,9.5,0.34,0.99434,3.1,1.3,176.0,7.6
8.96,red,12.0,0.4,0.99549,3.23,3.6,24.0,8.9
5.53,white,8.9,0.26,0.9972,3.3,12.4,147.0,6.0
5.13,white,9.5,0.01,0.9942,3.24,2.8,137.0,6.7
7.79,white,12.7,0.34,0.99,3.16,2.7,151.0,7.2
6.42,white,9.9,0.42,0.9953,3.12,9.1,150.0,6.7
6.84,red,9.5,0.33,0.9968,3.2,2.0,143.0,7.9
6.95,white,10.9,0.32,0.993,3.13,7.2,83.0,6.4
6.61,white,9.3,0.61,0.99708,3.09,13.0,123.0,6.5
6.71,white,9.2,0.49,0.9929,3.19,1.1,98.0,5.8
7.92,white,11.9,0.27,0.98994,3.37,1.55,70.0,5.8
6.33,red,10.1,0.03,0.995,3.35,1.8,99.0,7.5
9.07,red,10.0,0.68,1.0014,3.06,2.9,43.0,13.7
7.42,white,9.4,0.49,0.9956,3.13,1.6,131.0,8.9
6.72,white,10.7,0.28,0.99556,3.19,12.6,136.0,6.8
7.35,white,11.1,0.29,0.994,3.3,5.4,122.0,7.4
7.96,white,11.1,0.42,0.99116,3.27,1.2,129.0,6.45
7.25,white,11.3,0.32,0.99135,3.08,2.4,100.0,7.5
6.63,white,12.2,0.26,0.99119,2.99,7.9,123.0,6.7
7.33,white,11.5,0.26,0.98954,3.14,1.1,67.0,6.0
8.85,red,11.3,0.34,0.99594,3.4,2.5,47.0,8.2
9.19,red,12.0,0.36,0.99615,3.33,2.2,31.0,9.2
7.22,red,9.5,0.22,0.99633,3.52,1.8,56.0,6.2
8.55,red,10.4,0.49,0.9994,3.12,2.6,69.0,12.4
6.5,red,9.0,0.08,0.9978,3.48,1.8,24.0,7.0
8.74,red,11.8,0.42,0.99434,3.14,2.3,19.0,8.5
5.09,white,9.0,0.39,0.99755,2.9,13.7,172.0,7.1
7.36,white,10.6,0.49,0.9918,2.98,1.5,126.0,7.4
8.29,red,10.5,0.32,0.9991,3.38,5.6,47.0,8.9
7.01,red,10.7,0.01,0.9955,3.42,2.3,43.0,7.1
4.79,white,9.0,0.17,0.9939,3.01,2.8,125.0,6.2
6.91,red,9.8,0.07,1.00015,3.31,3.4,71.0,9.9
7.67,white,11.5,0.32,0.9937,3.24,11.0,66.0,7.1
8.1,red,10.6,0.34,0.99683,3.17,2.4,17.0,10.1
8.24,white,12.1,0.32,0.98972,3.23,1.1,80.0,7.0
7.59,red,9.5,0.34,0.9987,3.38,2.5,86.0,9.0
6.21,white,9.4,0.51,0.9956,3.18,7.9,206.0,6.2
5.51,white,9.1,0.33,1.0,3.06,17.85,195.0,7.3
6.22,red,9.2,0.23,0.9983,3.1,2.8,104.0,9.0
7.64,white,13.7,0.13,0.9907,3.42,4.5,116.0,5.6
8.2,white,12.3,0.46,0.991,3.29,4.7,94.0,6.1
6.41,red,9.1,0.29,0.99801,3.15,2.6,119.0,8.4
6.96,red,11.1,0.02,0.99566,3.32,2.2,92.0,7.3
6.58,white,10.8,0.26,0.9951,3.16,12.1,127.0,6.2
6.6,red,9.8,0.08,0.9974,3.24,2.4,41.0,7.8
6.17,white,10.5,0.22,0.99256,3.16,3.3,161.0,6.3
5.25,white,9.0,0.36,0.9976,3.01,13.2,178.0,7.4
7.3,white,10.1,0.4,0.9951,3.26,6.9,97.0,8.1
5.98,white,9.2,0.44,0.99804,3.14,15.8,167.0,6.2
7.08,white,10.7,0.33,0.9936,3.26,4.8,131.0,6.9
10.0,red,13.0,0.79,1.0018,3.18,4.8,77.0,13.5
9.22,white,12.2,0.49,0.9911,3.38,1.2,92.0,6.3
8.89,red,10.1,0.46,0.9966,3.36,1.4,25.0,8.7
7.61,red,10.9,0.07,0.99632,3.38,2.5,9.0,7.5
6.48,white,9.9,0.34,0.9934,3.18,2.3,214.0,7.4
6.47,white,9.9,0.3,0.99436,3.2,6.7,125.0,7.0
6.5,red,9.9,0.21,0.9956,3.27,2.2,133.0,7.7
6.23,white,9.4,0.49,0.99656,3.19,11.2,215.0,6.2
